{
 "CraftingCopyUpgrade": true,
 "QuantumDyeRecipe": true,
 "shaped_tile.blockMetalCopper_-541776602": true,
 "shaped_tile.blockMetalBronze_-443960957": true,
 "shaped_tile.blockMetalSilver_-142681042": true,
 "shaped_tile.blockMetalUranium_-1845064941": true,
 "shaped_tile.blockCharcoal_-397193095": true,
 "shaped_tile.blockMetalTin_-1414395917": true,
 "shaped_item.itemIngotAdvIron_845672146": true,
 "shaped_item.itemIngotCopper_743912251": true,
 "shaped_item.itemIngotTin_743913243": true,
 "shaped_item.itemIngotBronze_743914235": true,
 "shaped_item.itemIngotSilver_743916219": true,
 "shaped_item.itemIngotUran_743915289": true,
 "shaped_item.charcoal_-1261499980": true,
 "shapeless_item.itemDustBronze_-364730307": true,
 "shaped_tile.wood.jungle_-48448016": true,
 "shapeless_tile.blockFoam_1945589170": true,
 "shapeless_tile.blockFoam_-1706983140": true,
 "shapeless_tile.blockPixelFoam_1315031991": true,
 "shapeless_tile.blockPixelFoam_1315069501": true,
 "shapeless_tile.blockPixelFoam_1315099323": true,
 "shapeless_tile.blockPixelFoam_1315158967": true,
 "shapeless_tile.blockPixelFoam_1315182062": true,
 "shapeless_tile.blockPixelFoam_1315242667": true,
 "shapeless_tile.blockPixelFoam_1315268645": true,
 "shapeless_tile.blockPixelFoam_1315298467": true,
 "shapeless_tile.blockPixelFoam_1315335977": true,
 "shapeless_tile.blockPixelFoam_1315357150": true,
 "shapeless_tile.blockPixelFoam_1315388894": true,
 "shapeless_tile.blockPixelFoam_1315419677": true,
 "shapeless_tile.blockPixelFoam_1315484126": true,
 "shaped_tile.blockLuminator_1198780764": true,
 "shapeless_tile.blockLuminatorMultiPart_-476667991": true,
 "shapeless_tile.blockLuminator_1503192857": true,
 "shaped_tile.blockAlloy_440049247": true,
 "shaped_tile.blockAlloyGlass_-1659701198": true,
 "shaped_tile.blockAlloyGlass_192165938": true,
 "shaped_item.itemDoorAlloy_-426036718": true,
 "shaped_tile.blockRubber_1775808003": true,
 "shaped_tile.blockScaffold_2076172628": true,
 "shaped_tile.blockIronScaffold_-1509341361": true,
 "shaped_tile.blockFenceIron_1986006418": true,
 "shaped_tile.torch_1081308596": true,
 "shaped_tile.blockAlloyBrick_-337368095": true,
 "shaped_tile.blockAlloyCracked_-922502625": true,
 "shaped_tile.blockAlloyCracked_852504737": true,
 "shaped_tile.blockAlloyClearGlass_-307784640": true,
 "shaped_tile.blockIridiumStone_-48520064": true,
 "shapeless_tile.advComparator_-449813643": true,
 "shapeless_item.comparator_1648538137": true,
 "shaped_tile.blockITNT_1517595819": true,
 "shaped_tile.blockITNT_-952709973": true,
 "shaped_tile.blockNuke_-814805840": true,
 "shaped_tile.rail_-488481195": true,
 "shaped_tile.pistonBase_-1396270190": true,
 "shaped_tile.pistonBase_514029861": true,
 "shaped_tile.hopper_-82413824": true,
 "shapeless_tile.pistonStickyBase_2000571185": true,
 "shaped_tile.blockMiningPipe_1519044824": true,
 "shapeless_tile.blockWall_-133989560": true,
 "shaped_tile.blockWall_912999896": true,
 "shapeless_tile.blockWool_-463953502": true,
 "shaped_tile.blockWool_-1172915022": true,
 "shaped_item.itemTinCable_1475909484": true,
 "shaped_item.itemCable_-895690168": true,
 "shaped_item.itemCableI_1114825827": true,
 "shaped_item.itemCableI_156664931": true,
 "shapeless_item.itemCableI_-1146212067": true,
 "shaped_item.itemBronzeCable_1006731162": true,
 "shaped_item.itemBronzeCableI_-251775529": true,
 "shaped_item.itemBronzeCableI_-1648233001": true,
 "shaped_item.itemBronzeCableII_-1791473741": true,
 "shaped_item.itemBronzeCableII_-77292557": true,
 "shapeless_item.itemBronzeCableI_-1145824381": true,
 "shapeless_item.itemBronzeCableII_-400831265": true,
 "shapeless_item.itemBronzeCableII_-1145794559": true,
 "shaped_item.itemGoldCable_-121137345": true,
 "shaped_item.itemGoldCableI_605816287": true,
 "shapeless_item.itemGoldCableI_-1146152423": true,
 "shapeless_item.itemGoldCableII_-1146122601": true,
 "shapeless_item.itemGoldCableII_-410990337": true,
 "shaped_item.itemGoldCableII_1066149022": true,
 "shaped_item.itemIronCable_1314416875": true,
 "shaped_item.itemIronCableI_926773675": true,
 "shapeless_item.itemIronCableI_-1146062957": true,
 "shapeless_item.itemIronCableII_-408219681": true,
 "shapeless_item.itemIronCableII_-1146033135": true,
 "shaped_item.itemIronCableII_268464298": true,
 "shapeless_item.itemIronCableIII_990084465": true,
 "shapeless_item.itemIronCableIII_-407296129": true,
 "shapeless_item.itemIronCableIII_-1146003313": true,
 "shaped_item.itemGlassCable_-542195504": true,
 "shaped_item.itemGlassCable_-410929364": true,
 "shaped_item.itemDetectorCable_-672577649": true,
 "shaped_item.itemSplitterCable_566893667": true,
 "shaped_item.itemPlasmaCable_449044295": true,
 "shaped_tile.blockGenerator_234578637": true,
 "shaped_tile.blockGenerator_-66857461": true,
 "shaped_tile.blockGeoGenerator_1225023507": true,
 "shaped_tile.blockWaterGenerator_-2059790844": true,
 "shaped_tile.blockSolarGenerator_1093731471": true,
 "shaped_tile.blockSolarGenerator_261816397": true,
 "shaped_tile.blockWindGenerator_1669945012": true,
 "shaped_tile.blockNuclearReactor_1318009097": true,
 "shaped_tile.blockSteamReactor_424894900": true,
 "shaped_tile.basicTurbine_-1045408944": true,
 "shaped_tile.blockReactorChamber_1490756150": true,
 "shaped_tile.blockSteamChamber_1451976213": true,
 "shaped_tile.blockThermalGenerator_1053004507": true,
 "shaped_tile.blockSolarTurbine_-316118617": true,
 "shaped_tile.blockLiquidFuelGenerator_606615928": true,
 "shaped_tile.blockSlagGenerator_-854597266": true,
 "shaped_tile.waveGenerator_1752336958": true,
 "shaped_tile.oceanGenerator_-1674978904": true,
 "shaped_tile.blockBoiler_-1076301620": true,
 "shaped_tile.blockSolarLV_-1293705004": true,
 "shaped_tile.blockSolarMV_1807852596": true,
 "shaped_tile.blockSolarHV_-965625513": true,
 "shaped_tile.blockWaterMillLV_734820657": true,
 "shaped_tile.blockWaterMillMV_17243281": true,
 "shaped_tile.blockWaterMillHV_-1123778575": true,
 "shaped_tile.LVRFProducer_550770941": true,
 "shaped_tile.MVRFProducer_1406508351": true,
 "shaped_tile.MVRFProducer_606762265": true,
 "shaped_tile.HVRFProducer_-454162623": true,
 "shaped_tile.HVRFProducer_1523819610": true,
 "shaped_tile.blockMachine_527557260": true,
 "shaped_tile.blockIronFurnace_83879723": true,
 "shaped_tile.blockIronFurnace_-816243240": true,
 "shaped_tile.blockElecFurnace_-6291934": true,
 "shaped_tile.blockMacerator_127744036": true,
 "shaped_tile.blockMacerator_2072794668": true,
 "shaped_tile.blockExtractor_-1404085260": true,
 "shaped_tile.blockCompressor_-1019977500": true,
 "shaped_tile.blockCanner_-1437776888": true,
 "shaped_tile.blockRecycler_1032153698": true,
 "shaped_tile.blockElectrolyzer_-502750552": true,
 "shaped_tile.blockCropScanner_-1289883511": true,
 "shaped_tile.blockMagnetizer_-465205004": true,
 "shaped_tile.blockPump_-527344087": true,
 "shaped_tile.blockMiner_-59581574": true,
 "shaped_tile.blockCropmatron_1348153838": true,
 "shaped_tile.blockSoundBeacon_755381740": true,
 "shaped_tile.blockStoneMacerator_-130868445": true,
 "shaped_tile.blockWoodGasser_-247399190": true,
 "shaped_tile.blockElectricWoodGasser_1488666364": true,
 "shaped_tile.blockElectricWoodGasser_-1788992296": true,
 "shaped_tile.blockRareEarthExtractor_411055417": true,
 "shaped_tile.blockCropLibrary_1883857081": true,
 "shaped_tile.blockMachineBuffer_-989169435": true,
 "shaped_tile.blockMachineTank_-1680447689": true,
 "shaped_tile.blockIndustrialWorktable_2049276174": true,
 "shaped_tile.blockSawMill_-1444206344": true,
 "shaped_tile.blockAdvMachine_1515831549": true,
 "shaped_tile.blockAdvMachine_-1920290047": true,
 "shaped_tile.blockInduction_-1602486697": true,
 "shaped_tile.blockRotary_-1598189826": true,
 "shaped_tile.blockRotary_-1360333248": true,
 "shaped_tile.blockCentrifug_1749173018": true,
 "shaped_tile.blockSingularity_1263543849": true,
 "shaped_tile.blockVacuum_1231000667": true,
 "shaped_tile.blockCompacting_1129929931": true,
 "shaped_tile.blockCharged_-2108639250": true,
 "shaped_tile.blockOreScanner_-201084378": true,
 "shaped_tile.blockTesla_1114556539": true,
 "shaped_tile.blockReactorPlanner_-1510019266": true,
 "shaped_tile.blockCropHarvester_2128563852": true,
 "shaped_tile.blockAdvPump_-475390545": true,
 "shaped_tile.blockRangedPump_737137343": true,
 "shaped_tile.blockTerra_-372409081": true,
 "shaped_tile.blockMatter_1416524227": true,
 "shaped_tile.blockTeleporter_1949721530": true,
 "shaped_tile.blockUraniumEnricher_-1873277877": true,
 "shaped_tile.blockElectricEnchanter_1926709582": true,
 "shaped_tile.blockPlasmafier_679353211": true,
 "shaped_tile.blockTeleporterHub_-665861465": true,
 "shaped_tile.blockBatBox_200055707": true,
 "shaped_tile.blockMFE_-1307270245": true,
 "shaped_tile.blockMFE_2004107975": true,
 "shaped_tile.blockMFSU_2062932359": true,
 "shaped_tile.blockBatteryBox_214394435": true,
 "shaped_tile.blockPesu_281205134": true,
 "shaped_tile.blockTransformerLV_-552974589": true,
 "shaped_tile.blockTransformerMV_-1785545281": true,
 "shaped_tile.blockTransformerMV_-1775375979": true,
 "shaped_tile.blockTransformerHV_1731718210": true,
 "shaped_tile.blockTransformerEV_467000066": true,
 "shaped_tile.blockTransformerIV_1876908464": true,
 "shaped_tile.blockAdjustableTranformer_56423257": true,
 "shaped_tile.chargePadLV_1572484916": true,
 "shaped_tile.chargePadMV_1572514738": true,
 "shaped_tile.chargePadHV_-440375304": true,
 "shaped_tile.chargePadNuclear_-508642043": true,
 "shaped_tile.blockPersonalTrader_1344478433": true,
 "shaped_tile.blockPersonalTraderFluid_2117013984": true,
 "shaped_tile.blockPersonalTraderEnergy_-949356331": true,
 "shaped_tile.blockPersonalChest_-1405328861": true,
 "shaped_tile.blockPersonalTank_1450738487": true,
 "shaped_tile.blockPersonalEnergyStorageBatbox_1253794578": true,
 "shaped_tile.blockPersonalEnergyStorageMFE_1253218358": true,
 "shaped_tile.blockPersonalEnergyStorageMFSU_1245973306": true,
 "shaped_item.itemPartCircuit_1058514721": true,
 "shaped_item.itemPartCircuit_1521116961": true,
 "shaped_item.itemPartCircuitAdv_-1948043137": true,
 "shaped_item.itemPartCircuitAdv_-205948801": true,
 "shaped_item.itemPartCarbonFibre_794316583": true,
 "shapeless_item.itemPartCarbonMesh_-1224213498": true,
 "shaped_item.itemPartCoalBall_-2016926763": true,
 "shaped_item.itemPartCoalChunk_400614762": true,
 "shaped_item.itemPartCoalChunk_-1332559601": true,
 "shaped_item.itemPartCoalChunk_-60753354": true,
 "shaped_item.itemDustIron_-779868215": true,
 "shaped_item.itemDustIron_1576386918": true,
 "shaped_item.itemPartIridium_1100834802": true,
 "shaped_item.itemIngotAlloy_-650149377": true,
 "shaped_item.scrapMetalBlade_2131373271": true,
 "shaped_item.itemRawObsidianBlade_-1888408140": true,
 "shaped_item.itemTurbineBlade_767220917": true,
 "shapeless_item.itemIndustrialCoin_-1019704766": true,
 "shapeless_item.itemIndustrialCoinX1_-1605326252": true,
 "shapeless_item.itemIndustrialCoinX1_-1019703774": true,
 "shapeless_item.itemIndustrialCoinX2_-949396749": true,
 "shapeless_item.itemIndustrialCoinX2_-1019702782": true,
 "shapeless_item.itemIndustrialCoinX3_-293467246": true,
 "shapeless_item.itemIndustrialCoinX3_-1019701790": true,
 "shapeless_item.itemIndustrialCoinX4_362462257": true,
 "shapeless_item.itemIndustrialCoinX4_-1019700798": true,
 "shapeless_item.itemIndustrialCoinX5_1018391760": true,
 "shaped_item.itemRubberBoat_-941255262": true,
 "shapeless_item.itemRubberBoat_1805241890": true,
 "shaped_item.itemCarbonBoat_92275878": true,
 "shaped_item.itemElectricBoat_-1336857318": true,
 "shaped_item.itemScrapbox_604975720": true,
 "shaped_item.itemDynamiteSticky_1470754535": true,
 "shapeless_item.itemDynamite_-1611459476": true,
 "shaped_item.itemRareEarthChunk_-645059606": true,
 "shaped_item.itemPlasmaCore_-1985082214": true,
 "shaped_item.itemMemoryStick_2015235121": true,
 "shaped_item.yellowDust_-220784590": true,
 "shaped_item.sulphur_1925170174": true,
 "shaped_item.bucket_-1334477105": true,
 "shaped_item.itemBioMesh_-1105617598": true,
 "shaped_item.itemBioBall_-664855995": true,
 "shaped_item.itemBioChunk_1379392623": true,
 "shaped_item.itemCellEmpty_-1610951248": true,
 "shaped_item.itemFuelCanEmpty_-1721329684": true,
 "shaped_item.itemFuelPlantBall_846945033": true,
 "shaped_item.itemFuelPlantBall_1472401673": true,
 "shaped_item.itemFuelPlantBall_880060809": true,
 "shaped_item.itemFuelPlantBall_1112301961": true,
 "shaped_item.itemFuelPlantBall_2007991305": true,
 "shaped_item.itemFuelPlantBall_422136201": true,
 "shaped_item.itemFuelPlantBall_583338761": true,
 "shaped_item.itemFuelPlantBall_637099273": true,
 "shaped_item.itemFuelPlantBall_609213577": true,
 "shaped_item.itemFuelPlantBall_1280650505": true,
 "shaped_item.itemFuelPlantBall_-1644655991": true,
 "shaped_item.itemFuelPlantBall_-311303287": true,
 "shaped_item.itemFuelPlantBall_-1628316023": true,
 "shaped_item.itemFuelPlantBall_-465702135": true,
 "shaped_item.itemFuelPlantBall_-694842999": true,
 "shaped_item.itemFuelPlantBall_-1121631607": true,
 "shaped_item.itemFuelPlantBall_564103305": true,
 "shapeless_item.itemFuelCoalDust_323033665": true,
 "shaped_item.itemFuelCoalDust_-19252433": true,
 "shapeless_item.itemFuelCharcoalDust_-1237558063": true,
 "shaped_item.itemFuelCharcoalDust_76336105": true,
 "shapeless_item.itemCellCoal_-1724992647": true,
 "shapeless_item.itemCellBio_-1724993546": true,
 "shaped_item.itemTinCan_-1982852388": true,
 "shapeless_item.itemInactiveFuelCell_-173689188": true,
 "shapeless_item.itemInactiveFuelCell_204166909": true,
 "shapeless_tile.obsidian_434208876": true,
 "shapeless_tile.obsidian_6623436": true,
 "shapeless_item.itemCellWater_-2075354056": true,
 "shapeless_item.itemCellLava_-186668361": true,
 "shaped_item.itemCrop_-2113029303": true,
 "shapeless_item.itemFertilizer_-1225909895": true,
 "shapeless_item.itemFertilizer_-2103908063": true,
 "shaped_item.itemWeedEx_70796626": true,
 "shaped_item.itemMugEmpty_861360935": true,
 "shapeless_item.itemCoffeePowder_1988988288": true,
 "shapeless_item.coffee0_250141210": true,
 "shapeless_item.coffee2_-1873327896": true,
 "shapeless_item.itemSpecialFertilizer_2079146036": true,
 "shapeless_item.itemReviveFertilizer_1034214437": true,
 "shapeless_item.itemColdTea_-572031123": true,
 "shapeless_item.itemTea_-2032613803": true,
 "shapeless_item.itemIceTea_590764970": true,
 "shaped_item.itemBarrel_-1766685136": true,
 "shapeless_item.itemBarrel_1507665920": true,
 "shapeless_item.itemMugEmpty_-1375661975": true,
 "shaped_item.paper_-1335499250": true,
 "shapeless_item.string_-1161210115": true,
 "shapeless_item.seeds_-1487624892": true,
 "shapeless_item.seeds_pumpkin_756607494": true,
 "shapeless_item.seeds_melon_2140172764": true,
 "shapeless_tile.flower2.poppy_171307835": true,
 "shapeless_tile.flower1.dandelion_1741888839": true,
 "shapeless_item.beetroot_seeds_-912757943": true,
 "shapeless_tile.sapling.oak_1883499738": true,
 "shapeless_tile.sapling.spruce_2147206432": true,
 "shapeless_tile.sapling.birch_-177230303": true,
 "shapeless_tile.sapling.jungle_-493230141": true,
 "shapeless_tile.sapling.acacia_333571747": true,
 "shapeless_tile.sapling.big_oak_-648918386": true,
 "shaped_item.itemToolDrill_-1588477206": true,
 "shaped_item.itemToolChainsaw_-824616294": true,
 "shaped_item.itemToolDDrill_1955483893": true,
 "shaped_item.itemToolDDrill_1069990776": true,
 "shaped_item.itemToolDDrill_848170649": true,
 "shaped_item.itemToolDDrill_1162150578": true,
 "shaped_item.itemToolHoe_-137638623": true,
 "shaped_item.itemToolWrenchElectric_883008511": true,
 "shaped_item.itemTreetapElectric_-1455688385": true,
 "shapeless_item.itemTreetapElectric_-142537033": true,
 "shaped_item.electricSprayer_-335930196": true,
 "shaped_item.itemToolMiningLaser_1732214669": true,
 "shaped_item.itemNanoSaber_644260803": true,
 "shaped_item.itemObscurator_875431006": true,
 "shaped_item.precisionWrench_-1943783685": true,
 "shaped_item.precisionWrench_-1322002202": true,
 "shaped_item.itemMowingTool_351707617": true,
 "shaped_item.itemPortableTeleporter_-869928001": true,
 "shaped_item.itemScanner_974188857": true,
 "shaped_item.itemScannerAdv_860908855": true,
 "shaped_item.itemScannerAdv_871078157": true,
 "shaped_item.itemScannerAdv_1002830143": true,
 "shaped_item.itemScannerAdv_1012999445": true,
 "shaped_item.rangedScanner.OD_1188558240": true,
 "shaped_item.rangedScanner.OD_1199055243": true,
 "shaped_item.rangedScanner.OV_-1334969539": true,
 "shaped_item.rangedScanner.OV_-1324472536": true,
 "shapeless_item.rangedScanner.OD_-1452016673": true,
 "shapeless_item.rangedScanner.OV_-1452045472": true,
 "shaped_item.bigRangedScanner.OD_-39355369": true,
 "shaped_item.bigRangedScanner.OV_-1675379467": true,
 "shapeless_item.bigRangedScanner.OD_-1451957029": true,
 "shapeless_item.bigRangedScanner.OV_-1451985828": true,
 "shaped_item.itemLowOreValueScanner_153560531": true,
 "shaped_item.itemMedOreValueScanner_-42923152": true,
 "shaped_item.itemHighOreValueScanner_-1038626105": true,
 "shaped_item.itemSettedOreValueScanner_-347140118": true,
 "shaped_item.itemQuarryScanner_1048202588": true,
 "shapeless_item.itemQuarryScanner_-1451806927": true,
 "shapeless_item.itemFluidScanner_1733551548": true,
 "shaped_item.itemFluidScannerFiltered_-1072706996": true,
 "shaped_item.itemFilteredScanner_-1073630486": true,
 "shaped_item.itemTreetap_1362708441": true,
 "shaped_item.itemToolPainter_-1855324498": true,
 "shaped_item.itemToolWrench_-354759652": true,
 "shaped_item.itemToolCutter_241486317": true,
 "shaped_item.itemToolbox_1453406134": true,
 "shaped_item.itemCarbonBox_384358050": true,
 "shaped_item.itemIridiumBox_1409185696": true,
 "shaped_item.itemToolMeter_605120665": true,
 "shaped_item.itemCropanalyzer_-2125675967": true,
 "shaped_item.itemRemote_-1875509251": true,
 "shapeless_item.itemFreq_-176120668": true,
 "shaped_item.itemFoamSprayer_823352807": true,
 "recipeRepair_item.itemFoamSprayer_-542710724": true,
 "shaped_item.itemRemote_-29641634": true,
 "shaped_item.itemMachineTool_104783942": true,
 "shaped_item.itemThermometer_1507613392": true,
 "shapeless_item.itemToolPainterWhite_-860988657": true,
 "shaped_tile.blockWall_-440844434": true,
 "shapeless_tile.blockWall_-382082028": true,
 "shaped_tile.blockWool_-61526631": true,
 "shapeless_tile.blockWool_-743026262": true,
 "shapeless_item.itemToolPainterOrange_-414362005": true,
 "shaped_tile.blockWall_1495795018": true,
 "shapeless_tile.blockWall_64544624": true,
 "shaped_tile.blockWool_1875112821": true,
 "shapeless_tile.blockWool_-296399610": true,
 "shapeless_item.itemToolPainterMagenta_1842870865": true,
 "shaped_tile.blockWall_-1845027152": true,
 "shapeless_tile.blockWall_-1973189802": true,
 "shaped_tile.blockWool_-1465709349": true,
 "shapeless_tile.blockWool_1960833260": true,
 "shapeless_item.itemToolPainterCloud_1148603691": true,
 "shaped_tile.blockWall_2061585674": true,
 "shapeless_tile.blockWall_1627510320": true,
 "shaped_tile.blockWool_-1854063819": true,
 "shapeless_tile.blockWool_1266566086": true,
 "shapeless_item.itemToolPainterYellow_-491331448": true,
 "shaped_tile.blockWall_393462375": true,
 "shapeless_tile.blockWall_-12424819": true,
 "shaped_tile.blockWool_772780178": true,
 "shapeless_tile.blockWool_-373369053": true,
 "shapeless_item.itemToolPainterLime_-1798300376": true,
 "shaped_tile.blockWall_1829930887": true,
 "shapeless_tile.blockWall_-1319393747": true,
 "shaped_tile.blockWool_-2085718606": true,
 "shapeless_tile.blockWool_-1680337981": true,
 "shapeless_item.itemToolPainterPink_-1794605176": true,
 "shaped_tile.blockWall_-45641113": true,
 "shapeless_tile.blockWall_-1315698547": true,
 "shaped_tile.blockWool_333676690": true,
 "shapeless_tile.blockWool_-1676642781": true,
 "shapeless_item.itemToolPainterDarkGrey_-1802660836": true,
 "shaped_tile.blockWall_-704834181": true,
 "shapeless_tile.blockWall_-1323754207": true,
 "shaped_tile.blockWool_-325516378": true,
 "shapeless_tile.blockWool_-1684698441": true,
 "shapeless_item.itemToolPainterLightGrey_1153381287": true,
 "shaped_tile.blockWall_-811413498": true,
 "shapeless_tile.blockWall_1632287916": true,
 "shaped_tile.blockWool_-432095695": true,
 "shapeless_tile.blockWool_1271343682": true,
 "shapeless_item.itemToolPainterCyan_-1806146786": true,
 "shaped_tile.blockWall_1229866109": true,
 "shapeless_tile.blockWall_-1327240157": true,
 "shaped_tile.blockWool_1609183912": true,
 "shapeless_tile.blockWool_-1688184391": true,
 "shapeless_item.itemToolPainterPurple_574793094": true,
 "shaped_tile.blockWall_2075519845": true,
 "shapeless_tile.blockWall_1053699723": true,
 "shaped_tile.blockWool_-1840129648": true,
 "shapeless_tile.blockWool_692755489": true,
 "shapeless_item.itemToolPainterBlue_-1807438711": true,
 "shaped_tile.blockWall_-2126802584": true,
 "shapeless_tile.blockWall_-1328532082": true,
 "shaped_tile.blockWool_-1747484781": true,
 "shapeless_tile.blockWool_-1689476316": true,
 "shapeless_item.itemToolPainterBrown_-1452784082": true,
 "shaped_tile.blockWall_-1011570419": true,
 "shapeless_tile.blockWall_-973877453": true,
 "shaped_tile.blockWool_-632252616": true,
 "shapeless_tile.blockWool_-1334821687": true,
 "shapeless_item.itemToolPainterGreen_-1309953566": true,
 "shaped_tile.blockWall_-1037569215": true,
 "shapeless_tile.blockWall_-831046937": true,
 "shaped_tile.blockWool_-658251412": true,
 "shapeless_tile.blockWool_-1191991171": true,
 "shapeless_item.itemToolPainterRed_-848405003": true,
 "shaped_tile.blockWall_-952813996": true,
 "shapeless_tile.blockWall_-369498374": true,
 "shaped_tile.blockWool_-573496193": true,
 "shapeless_tile.blockWool_-730442608": true,
 "shapeless_item.itemToolPainterBlack_-1458761688": true,
 "shaped_tile.blockWall_1957588871": true,
 "shapeless_tile.blockWall_-979855059": true,
 "shaped_tile.blockWool_-1958060622": true,
 "shapeless_tile.blockWool_-1340799293": true,
 "shaped_item.itemToolBronzePickaxe_-1049543665": true,
 "shaped_item.itemToolBronzeAxe_-2934988": true,
 "shaped_item.itemToolBronzeHoe_518325185": true,
 "shaped_item.itemToolBronzeSword_-462581388": true,
 "shaped_item.itemToolBronzeSpade_973905411": true,
 "shaped_item.itemBatSU_44124140": true,
 "shaped_item.itemBatSU_1802870638": true,
 "shaped_item.itemBatSU_730892150": true,
 "shaped_item.itemBatSU_1617842468": true,
 "shaped_item.itemBatSU_686519126": true,
 "shaped_item.itemBatSU_242278724": true,
 "shaped_item.itemBatSU_730897916": true,
 "shaped_item.itemBatSU_1618021214": true,
 "shaped_item.itemBatRE_2077392104": true,
 "shaped_item.itemBatCrystal_-1564046631": true,
 "shaped_item.itemBatLamaCrystal_1330077638": true,
 "shaped_item.itemPESD_-912043277": true,
 "shaped_item.quantumAccumulator_-358156310": true,
 "shaped_item.bigQuantumAccumulator_230901446": true,
 "shaped_item.itemTFBP_-1569850347": true,
 "shaped_item.itemTerraformerBiomeBlueprint_102047331": true,
 "shaped_item.itemTFBPCultivation_-961226165": true,
 "shaped_item.itemTFBPDesertification_539239080": true,
 "shaped_item.itemTFBPIrrigation_-398824870": true,
 "shaped_item.itemTFBPChilling_580270729": true,
 "shaped_item.itemTFBPFlatification_-670336253": true,
 "shaped_item.itemTFBPMushroom_-666297296": true,
 "shapeless_item.itemTFBP_997829644": true,
 "shapeless_item.itemTFBP_997831566": true,
 "shapeless_item.itemTFBP_997830605": true,
 "shapeless_item.itemTFBP_997832527": true,
 "shapeless_item.itemTFBP_997833488": true,
 "shapeless_item.itemTFBP_997828683": true,
 "shapeless_item.itemBiomeBPCultivation_1497734496": true,
 "shapeless_item.itemBiomeBPDesertification_1497737410": true,
 "shaped_item.itemBiomeBPForestification_-1685429933": true,
 "shapeless_item.itemBiomeBPIrrigation_1497735550": true,
 "shapeless_item.itemBiomeBPMushroom_1497733659": true,
 "shaped_item.itemBiomeBPUndergrowth_662271871": true,
 "shapeless_item.itemBiomeBPChilling_1497736604": true,
 "shapeless_item.itemTerraformerBiomeBlueprint_997847934": true,
 "shapeless_item.itemTerraformerBiomeBlueprint_997848895": true,
 "shapeless_item.itemTerraformerBiomeBlueprint_997849856": true,
 "shapeless_item.itemTerraformerBiomeBlueprint_997850817": true,
 "shapeless_item.itemTerraformerBiomeBlueprint_997851778": true,
 "shapeless_item.itemTerraformerBiomeBlueprint_997852739": true,
 "shaped_item.itemUpgradeBase_1071691671": true,
 "shaped_item.itemUpgradeBase_1530297363": true,
 "shaped_item.overclockerUpgrade_664836497": true,
 "shaped_item.overclockerUpgrade_-971187632": true,
 "shaped_item.overclockerUpgrade_1687755535": true,
 "shaped_item.overclockerUpgrade_-1249062260": true,
 "shaped_item.overclockerUpgrade_739388396": true,
 "shaped_item.overclockerUpgrade_-332898676": true,
 "shaped_item.overclockerUpgrade_-1289137172": true,
 "shaped_item.overclockerUpgrade_583264908": true,
 "shaped_item.overclockerUpgrade_977304556": true,
 "shaped_item.transformerUpgrade_1140948114": true,
 "shaped_item.transformerUpgrade_370981141": true,
 "shaped_item.energyStorageUpgrade_348377377": true,
 "shaped_item.energyStorageUpgrade_-374652866": true,
 "shaped_item.redstoneSensitivityUpgrade_2128039054": true,
 "shaped_item.redstoneSensitivityUpgrade_128680750": true,
 "shaped_item.redstoneInverterUpgrade_233947920": true,
 "shaped_item.redstoneInverterUpgrade_-458795676": true,
 "shaped_item.basicItemImportUpgrade_-1331404951": true,
 "shaped_item.basicItemImportUpgrade_1901340673": true,
 "shaped_item.basicItemExportUpgrade_-616742895": true,
 "shaped_item.basicItemExportUpgrade_1402416533": true,
 "shaped_item.itemImportUpgrade_1237770600": true,
 "shaped_item.itemImportUpgrade_-1753791654": true,
 "shaped_item.itemExportUpgrade_1239617704": true,
 "shaped_item.itemExportUpgrade_-1751944550": true,
 "shaped_item.roundRobinExportUpgrade_-1954761809": true,
 "shaped_item.mufflerUpgrade_-77325382": true,
 "shaped_item.mufflerUpgrade_-314915581": true,
 "shaped_item.muteUpgrade_-565290662": true,
 "shaped_item.efficiencyUpgrade_-37993625": true,
 "shaped_item.expCollectorUpgrade_-1525635881": true,
 "shaped_item.expCollectorUpgrade_2058701684": true,
 "shaped_item.energyMultiplierUpgrade_-305871341": true,
 "shaped_item.loudnessUpgrade_-2043383985": true,
 "shaped_item.slowdownUpgrade_-2043652042": true,
 "shaped_item.itemUpgradeContainer_1878647156": true,
 "shaped_item.basicFilteredImportUpgrade_1563810465": true,
 "shaped_item.filteredImportUpgrade_1564734017": true,
 "shaped_item.filteredImportUpgrade_1248853224": true,
 "shaped_item.filteredImportUpgrade_-1742709030": true,
 "shaped_item.basicFilteredExportUpgrade_1565657569": true,
 "shaped_item.filteredExportUpgrade_1566581121": true,
 "shaped_item.filteredExportUpgrade_1250700328": true,
 "shaped_item.filteredExportUpgrade_-1740861926": true,
 "shaped_item.basicFluidImportUpgrade_-2012142610": true,
 "shaped_item.basicFluidImportUpgrade_59819351": true,
 "shaped_item.basicFluidExportUpgrade_-1297480554": true,
 "shaped_item.basicFluidExportUpgrade_1629998443": true,
 "shaped_item.fluidImportUpgrade_1252547432": true,
 "shaped_item.fluidExportUpgrade_1254394536": true,
 "shaped_item.basicFilteredFluidImportUpgrade_1578587049": true,
 "shaped_item.filteredFluidImportUpgrade_1579510601": true,
 "shaped_item.filteredFluidImportUpgrade_1256241640": true,
 "shaped_item.basicFilteredFluidExportUpgrade_1580434153": true,
 "shaped_item.filteredFluidExportUpgrade_1581357705": true,
 "shaped_item.filteredFluidExportUpgrade_1258088744": true,
 "shaped_item.reactorTrackerUpgrade_1745432453": true,
 "shaped_item.cobbleGenUpgrade_-246636654": true,
 "shaped_item.cobbleGenUpgrade_-535155888": true,
 "shaped_item.craftingUpgrade_759630800": true,
 "shaped_item.quantumOverclockerUpgrade_-1387578587": true,
 "shaped_item.efficientSawbladeUpgrade_802700326": true,
 "shapeless_item.efficientSawbladeUpgrade_546253552": true,
 "shaped_item.durableSawbladeUpgrade_-1717259577": true,
 "shapeless_item.durableSawbladeUpgrade_546285296": true,
 "shaped_item.padUpgrade.proximity_-697789255": true,
 "shaped_item.padUpgrade.wideband_713314332": true,
 "shaped_item.padUpgrade.armorPriority_1547285314": true,
 "shaped_item.padUpgrade.fieldExp1_-245426917": true,
 "shaped_item.padUpgrade.fieldExp2_-332480786": true,
 "shaped_item.padUpgrade.fieldExp3_193075817": true,
 "shaped_item.padUpgrade.damage_-1934996747": true,
 "shaped_item.padUpgrade.drain_417380686": true,
 "shaped_item.upgradeKit.crystalizor_781139859": true,
 "shaped_item.upgradeKit.mfs_-1749227982": true,
 "shaped_item.upgradeKit.mfs_1186329581": true,
 "shaped_item.upgradeKit.lapotronic_361506353": true,
 "shaped_item.upgradeKit.fission_-1402628025": true,
 "shaped_item.automationUpgrade_-1885340528": true,
 "shaped_item.sideAccessUpgrade_-607927002": true,
 "shaped_item.rotationDisablerUpgrade_412194477": true,
 "shapeless_item.slotTypeModifierUpgrade_-366202819": true,
 "shaped_item.slotAccessModifierUpgrade_-723358699": true,
 "shapeless_item.slotSideModifierUpgrade_-480032655": true,
 "shaped_item.redstoneDeconductorUpgrade_-184619335": true,
 "shaped_item.slotDiversityUpgrade_-1906058703": true,
 "shaped_item.stackDiversityUpgrade_-989895088": true,
 "shapeless_item.itemLimiterUpgrade_650611782": true,
 "shapeless_item.stackLimiterUpgrade_432845570": true,
 "shaped_item.itemArmorAlloyChestplate_-1212939464": true,
 "shaped_item.itemArmorAlloyChestplate_-1564367684": true,
 "shaped_item.itemArmorAlloyBoots_946545572": true,
 "shaped_item.itemArmorAlloyBoots_-1870872276": true,
 "shaped_item.itemArmorAlloyHelmet_-1480429370": true,
 "shaped_item.itemArmorAlloyHelmet_84947308": true,
 "shaped_item.itemArmorAlloyLeggings_1780508807": true,
 "shaped_item.itemArmorAlloyLeggings_-1070247153": true,
 "shaped_item.itemArmorBronzeHelmet_-1113792228": true,
 "shaped_item.itemArmorBronzeChestplate_1987177343": true,
 "shaped_item.itemArmorBronzeLegs_-470991310": true,
 "shaped_item.itemArmorBronzeBoots_-256726719": true,
 "shaped_item.itemArmorNanoHelmet_-1656196021": true,
 "shaped_item.itemArmorNanoChestplate_-541266974": true,
 "shaped_item.itemArmorNanoLegs_-1030090915": true,
 "shaped_item.itemArmorNanoBoots_1909286965": true,
 "shaped_item.itemArmorQuantumHelmet_12820366": true,
 "shaped_item.itemArmorQuantumChestplate_-550243442": true,
 "shaped_item.itemArmorQuantumLegs_-1246661396": true,
 "shaped_item.itemArmorQuantumBoots_1934028940": true,
 "shaped_item.itemQuantumArmorJetpack_320254911": true,
 "shaped_item.itemQuantumArmorNuclearJetplate_695318402": true,
 "shaped_item.itemNightvisionGoggles_1396319615": true,
 "shapeless_item.itemArmorQuantumHelmet_2076686080": true,
 "shapeless_item.itemArmorQuantumHelmet_-845314923": true,
 "shapeless_item.itemArmorQuantumHelmet_1614688555": true,
 "shapeless_item.itemArmorNanoHelmet_-1437097182": true,
 "shapeless_item.itemArmorNanoHelmet_-64130889": true,
 "shapeless_item.itemArmorNanoHelmet_-1899094707": true,
 "shaped_item.itemArmorHazmatHelmet_970348442": true,
 "shaped_item.itemArmorHazmatChestplate_-997670812": true,
 "shaped_item.itemArmorHazmatLeggings_1652437982": true,
 "shaped_item.itemArmorRubBoots_959016099": true,
 "shaped_item.bronzeShield_-1471606490": true,
 "shaped_item.platedShield_1225662764": true,
 "shaped_item.nanoShield_324208360": true,
 "shaped_item.itemArmorIndustrialBelt_1216860082": true,
 "shapeless_item.itemBatRE_-2119122138": true,
 "shaped_item.itemArmorBatpack_-608002108": true,
 "shaped_item.itemArmorLappack_1037366814": true,
 "shaped_item.itemArmorQuantumPack_447958198": true,
 "shaped_item.itemArmorCFPack_-1991205650": true,
 "shaped_item.itemSolarHelmet_654906048": true,
 "shaped_item.itemSolarHelmet_974830959": true,
 "shaped_item.itemAdvancedSolarHelmet_1664461493": true,
 "shaped_item.itemStaticBoots_-1078046344": true,
 "shaped_item.itemStaticBoots_1326507983": true,
 "shaped_item.itemArmorJetpack_176647782": true,
 "shaped_item.itemArmorJetpackElectric_463682701": true,
 "shaped_item.itemArmorJetpackNuclear_1581290274": true,
 "shaped_item.itemArmorNuclearCombindedJetpack_1420856751": true,
 "shaped_item.itemArmorCombinedJetpack_1604687096": true,
 "shaped_item.itemArmorNuclearCombindedJetpack_983003988": true,
 "shapeless_item.itemArmorJetpackElectric_1719366881": true,
 "shapeless_item.itemArmorJetpackElectric_1771326080": true,
 "shapeless_item.itemArmorJetpackElectric_-1436639531": true,
 "shapeless_item.itemArmorJetpackElectric_1331250917": true,
 "shapeless_item.itemArmorJetpackElectric_1048359230": true,
 "shapeless_item.itemArmorJetpackElectric_516523685": true,
 "shapeless_item.itemArmorJetpackNuclear_333235329": true,
 "shapeless_item.itemArmorJetpackNuclear_385194528": true,
 "shapeless_item.itemArmorJetpackNuclear_1472196213": true,
 "shapeless_item.itemArmorJetpackNuclear_-54880635": true,
 "shapeless_item.itemArmorJetpackNuclear_-337772322": true,
 "shapeless_item.itemArmorJetpackNuclear_-869607867": true,
 "shapeless_item.itemArmorCombinedJetpack_639028385": true,
 "shapeless_item.itemArmorCombinedJetpack_690987584": true,
 "shapeless_item.itemArmorCombinedJetpack_1777989269": true,
 "shapeless_item.itemArmorCombinedJetpack_250912421": true,
 "shapeless_item.itemArmorCombinedJetpack_-31979266": true,
 "shapeless_item.itemArmorCombinedJetpack_-563814811": true,
 "shapeless_item.itemArmorNuclearCombindedJetpack_-1682461087": true,
 "shapeless_item.itemArmorNuclearCombindedJetpack_-1630501888": true,
 "shapeless_item.itemArmorNuclearCombindedJetpack_-543500203": true,
 "shapeless_item.itemArmorNuclearCombindedJetpack_-2070577051": true,
 "shapeless_item.itemArmorNuclearCombindedJetpack_1941498558": true,
 "shapeless_item.itemArmorNuclearCombindedJetpack_1409663013": true,
 "shaped_tile.stonebrick_-602048670": true,
 "shaped_tile.stone.stone_-217206169": true,
 "shaped_tile.glass_1510125347": true,
 "shaped_tile.grass_1277632969": true,
 "shaped_tile.log.oak_-1277881396": true,
 "shaped_tile.log.spruce_1770332581": true,
 "shaped_tile.log.birch_-1277881334": true,
 "shaped_tile.log.jungle_1730114793": true,
 "shaped_tile.log.acacia_569794864": true,
 "shaped_tile.log.big_oak_529577045": true,
 "shaped_tile.dirt.default_294096457": true,
 "shaped_tile.sponge.dry_-486870232": true,
 "shaped_tile.whiteStone_1292746542": true,
 "shaped_tile.stoneMoss_-71282124": true,
 "shaped_tile.sandStone.default_-222457682": true,
 "shaped_tile.redSandStone.default_1661771456": true,
 "shaped_tile.snow_-66319588": true,
 "shaped_tile.water_2131885151": true,
 "shaped_tile.lava_1530544253": true,
 "shaped_tile.oreIron_-329870047": true,
 "shaped_tile.oreGold_-862634671": true,
 "shaped_tile.obsidian_-440375730": true,
 "shaped_tile.hellrock_-1150777333": true,
 "shaped_item.netherStalkSeeds_-1945039845": true,
 "shaped_tile.lightgem_-1357010811": true,
 "shaped_tile.cactus_1557334976": true,
 "shaped_tile.vine_-128181428": true,
 "shaped_item.chorusFruit_-621965693": true,
 "shaped_tile.cloth.white_77283415": true,
 "shaped_item.coal_-894344071": true,
 "shaped_item.diamond_-839125610": true,
 "shaped_item.emerald_981588030": true,
 "shaped_item.redstone_609035693": true,
 "shaped_item.netherquartz_-150174040": true,
 "shaped_item.dyePowder.blue_-1943975137": true,
 "shaped_item.feather_1656145116": true,
 "shaped_item.leather_2089489131": true,
 "shaped_item.snowball_-427886876": true,
 "shaped_item.sulphur_-1833859045": true,
 "shaped_item.enderPearl_2025630033": true,
 "shaped_item.clay_916245029": true,
 "shaped_item.blazeRod_1662380818": true,
 "shaped_item.prismarineCrystals_-886701636": true,
 "shaped_item.prismarineShard_-2053819173": true,
 "shaped_item.dyePowder.brown_1426380757": true,
 "shaped_item.dyePowder.black_953740984": true,
 "shaped_item.reeds_-459416326": true,
 "shaped_item.flint_-1284138319": true,
 "shaped_item.bone_-835878595": true,
 "shaped_item.itemHarz_2066627912": true,
 "shaped_item.itemOreIridium_358070459": true,
 "shaped_tile.mycel_1348556715": true,
 "shaped_tile.stonebricksmooth.chiseled_1563944091": true,
 "shaped_tile.blockOreCopper_-1838757257": true,
 "shaped_tile.blockOreTin_1214808534": true,
 "shaped_tile.blockOreSilver_1084210042": true,
 "shaped_item.elytra_1051093459": true,
 "shaped_item.itemCellUranEmpty_-1582032965": true,
 "shapeless_item.reactorIsotopeCell_2013452125": true,
 "shapeless_item.reactorIsotopeCell_-1639120185": true,
 "shapeless_item.reactorUraniumSimple_-1125717334": true,
 "shapeless_item.reactorUraniumSimple_1608658048": true,
 "shaped_item.reactorUraniumDual_-755015514": true,
 "shaped_item.reactorUraniumQuad_1936822515": true,
 "shaped_item.reactorUraniumQuad_545094699": true,
 "shapeless_item.reactorUraniumSimple_-1804731375": true,
 "shaped_item.itemCellRedstoneEnrichedUranEmpty_192974428": true,
 "shapeless_item.itemDepletedRedstoneEnrichedUraniumCell_2013467659": true,
 "shapeless_item.itemDepletedRedstoneEnrichedUraniumCell_-1639104651": true,
 "shapeless_item.reactorUraniumRedstoneSimple_-1125716280": true,
 "shapeless_item.reactorUraniumRedstoneSimple_1608659102": true,
 "shaped_item.reactorUraniumRedstoneDual_-752241975": true,
 "shaped_item.reactorUraniumRedstoneQuad_304369238": true,
 "shaped_item.reactorUraniumRedstoneQuad_-1675414636": true,
 "shapeless_item.reactorUraniumRedstoneSimple_-1804729360": true,
 "shaped_item.itemCellBlazeEnrichedUranEmpty_1080478140": true,
 "shapeless_item.itemDepletedBlazeEnrichedUraniumCell_2013511769": true,
 "shapeless_item.itemDepletedBlazeEnrichedUraniumCell_-1639060541": true,
 "shapeless_item.reactorUraniumBlazeSimple_-1125715226": true,
 "shapeless_item.reactorUraniumBlazeSimple_1608660156": true,
 "shaped_item.reactorUraniumBlazeDual_-749468436": true,
 "shaped_item.reactorUraniumBlazeQuad_-1328084039": true,
 "shaped_item.reactorUraniumBlazeQuad_399043325": true,
 "shapeless_item.reactorUraniumBlazeSimple_-1804728306": true,
 "shaped_item.itemCellEnderPearlEnrichedUranEmpty_1967981852": true,
 "shapeless_item.itemDepletedEnderPearlEnrichedUraniumCell_2013530463": true,
 "shapeless_item.itemDepletedEnderPearlEnrichedUraniumCell_-1639041847": true,
 "shapeless_item.reactorUraniumEnderPearlSimple_-1125714172": true,
 "shapeless_item.reactorUraniumEnderPearlSimple_1608661210": true,
 "shaped_item.reactorUraniumEnderPearlDual_-746694897": true,
 "shaped_item.reactorUraniumEnderPearlQuad_1334429980": true,
 "shaped_item.reactorUraniumEnderPearlQuad_-1821466010": true,
 "shapeless_item.reactorUraniumEnderPearlSimple_-1804727252": true,
 "shaped_item.itemCellNetherStarEnrichedUranEmpty_-1439481732": true,
 "shapeless_item.itemDepletedNetherStarEnrichedUraniumCell_2013544549": true,
 "shapeless_item.itemDepletedNetherStarEnrichedUraniumCell_-1639027761": true,
 "shapeless_item.reactorUraniumNetherStarSimple_-1125713118": true,
 "shapeless_item.reactorUraniumNetherStarSimple_1608662264": true,
 "shaped_item.reactorUraniumNetherStarDual_-743921358": true,
 "shaped_item.reactorUraniumNetherStarQuad_-298023297": true,
 "shaped_item.reactorUraniumNetherStarQuad_252991951": true,
 "shapeless_item.reactorUraniumNetherStarSimple_-1804726198": true,
 "shaped_item.itemCellCharcoalEnrichedUranEmpty_-551978020": true,
 "shapeless_item.itemDepletedCharcoalEnrichedUraniumCell_2013596011": true,
 "shapeless_item.itemDepletedCharcoalEnrichedUraniumCell_-1638976299": true,
 "shapeless_item.reactorUraniumCharcoalSimple_-1125712064": true,
 "shapeless_item.reactorUraniumCharcoalSimple_1608663318": true,
 "shaped_item.reactorUraniumCharcoalDual_-741147819": true,
 "shaped_item.reactorUraniumCharcoalQuad_-1930476574": true,
 "shaped_item.reactorUraniumCharcoalQuad_-1967517384": true,
 "shapeless_item.reactorUraniumCharcoalSimple_-1804725144": true,
 "shaped_item.reactorCoolantSimple_-484238369": true,
 "shaped_item.reactorCoolantTriple_1052008285": true,
 "shaped_item.reactorCoolantTriple_-606011908": true,
 "shaped_item.reactorCoolantSix_-1912497898": true,
 "shapeless_item.itemReactorPlating_1093967048": true,
 "shapeless_item.reactorPlatingHeat_-2119133344": true,
 "shapeless_item.reactorPlatingExplosive_-2119194817": true,
 "shaped_item.reactorReflector_-880790952": true,
 "shaped_item.reactorReflector_1965295792": true,
 "shaped_item.reactorReflectorThick_-1313142365": true,
 "shaped_item.reactorReflectorIridium_565195729": true,
 "recipeRepair_item.reactorReflectorIridium_-965348218": true,
 "recipeRepair_item.reactorReflectorIridium_-322953232": true,
 "shaped_item.reactorVentSpread_2144532227": true,
 "shaped_item.reactorHeatpack_241122402": true,
 "shaped_item.reactorCondensator_-1485090412": true,
 "shaped_item.reactorCondensatorLap_1470992691": true,
 "recipeRepair_item.reactorCondensator_72945867": true,
 "recipeRepair_item.reactorCondensatorLap_72945867": true,
 "recipeRepair_item.reactorCondensatorLap_-2095892453": true,
 "shaped_item.reactorHeatSwitch_688109925": true,
 "shaped_item.reactorHeatSwitchCore_56710391": true,
 "shaped_item.reactorHeatSwitchSpread_94917204": true,
 "shaped_item.reactorHeatSwitchDiamond_1615582708": true,
 "shaped_item.reactorVent_-795420664": true,
 "shaped_item.reactorVentCore_-313378266": true,
 "shaped_item.reactorVentGold_2067100004": true,
 "shaped_item.reactorVentDiamond_712649438": true,
 "shaped_item.reactorSteamVent_1751728657": true,
 "shaped_item.reactorSteamVentCore_-313080046": true,
 "shaped_item.reactorSteamVentCore_-1655734927": true,
 "shaped_item.reactorSteamVentGold_2067398224": true,
 "shaped_item.reactorSteamVentGold_-768231215": true,
 "shaped_item.reactorSteamVentDiamond_-1252187392": true,
 "shaped_item.reactorSteamVentDiamond_119272497": true,
 "shapeless_item.reactorVent_-474898133": true,
 "shapeless_item.reactorVentCore_-474897141": true,
 "shapeless_item.reactorVentGold_-474896149": true,
 "shapeless_item.reactorVentDiamond_-474895157": true,
 "shaped_item.reactorElectricVent_-688841483": true,
 "shaped_item.reactorElectricVentCore_-687917931": true,
 "shaped_item.reactorElectricVentGold_-686994379": true,
 "shaped_item.reactorElectricVentDiamond_-686070827": true,
 "shapeless_item.reactorVent_-474888523": true,
 "shapeless_item.reactorVentCore_-474887531": true,
 "shapeless_item.reactorVentGold_-474886539": true,
 "shapeless_item.reactorVentDiamond_-474885547": true,
 "shaped_tile.wood.oak_-1618969726": true,
 "shaped_tile.wood.oak_156037636": true,
 "shaped_tile.wood.spruce_647472033": true,
 "shaped_tile.wood.spruce_-1872487901": true,
 "shaped_tile.wood.birch_-1381053504": true,
 "shaped_tile.wood.birch_393953858": true,
 "shaped_tile.wood.jungle_885388255": true,
 "shaped_tile.wood.jungle_-1634571679": true,
 "shaped_tile.wood.acacia_1576397822": true,
 "shaped_tile.wood.acacia_-943562112": true,
 "shaped_tile.wood.big_oak_-452127715": true,
 "shaped_tile.wood.big_oak_1322879647": true,
 "shaped_tile.pistonStickyBase_1809078030": true,
 "shaped_item.leash_-1938246599": true
}