{
 "macerator": {
  "item.itemDustCoal_-49502216": true,
  "item.itemCharcoalDust_-49501069": true,
  "item.itemDustCoal_-1524973112": true,
  "item.itemDustCoal": true,
  "item.itemDustIron_-1519329283": true,
  "item.itemDustIron_-925593416": true,
  "item.itemDustIron": true,
  "item.itemDustIron_1988887414": true,
  "item.itemDustGold_-1521268860": true,
  "item.itemDustGold_-927532993": true,
  "item.itemDustGold": true,
  "item.redstone_1138723198": true,
  "item.itemDustSilver_702002035": true,
  "item.itemDustSilver_51519854": true,
  "item.itemDustSilver": true,
  "item.itemDustCopper_-437864822": true,
  "item.itemDustCopper_-1088347003": true,
  "item.itemDustCopper": true,
  "item.itemDustBronze_-1890926494": true,
  "item.itemDustBronze": true,
  "item.itemDustTin_331846253": true,
  "item.itemDustTin_-618832302": true,
  "item.itemDustTin": true,
  "item.itemNetherrackDust_-85866501": true,
  "item.netherquartz_1623712433": true,
  "item.itemOreUran_-358476226": true,
  "item.itemCharcoalDust_743823622": true,
  "item.blazePowder_-1907842995": true,
  "item.itemGrinPowder_-603330264": true,
  "item.itemGrinPowder_-1837221814": true,
  "item.itemGrinPowder_1853807710": true,
  "item.string_1709888316": true,
  "tile.gravel_180601027": true,
  "tile.sand.default_290824741": true,
  "tile.sand.default_-1879665788": true,
  "tile.sand.red_868120721": true,
  "item.snowball_401593624": true,
  "item.itemDustClay_-135002324": true,
  "item.yellowDust_429922658": true,
  "item.dyePowder.white_-1479393026": true,
  "tile.dirt.default_7359474": true,
  "item.itemCoffeePowder_1988988288": true,
  "item.itemObsidianDust_1897319697": true,
  "item.itemFlour_-1538290412": true,
  "item.itemFlour_-1537062357": true,
  "item.itemRawBioFiber_1989187680": true,
  "ic2exprecipe_Dense Construction Chunk_": true,
  "ic2exprecipe_Construction Paste_": true,
  "item.thermalfoundation.material.dustLead_-332762564": true,
  "item.thermalfoundation.material.dustNickel_1735008460": true,
  "item.thermalfoundation.material.dustPlatinum_-1498588471": true,
  "item.thermalfoundation.material.dustSteel_-1589273484": true,
  "item.thermalfoundation.material.dustAluminum_213225015": true,
  "item.thermalfoundation.material.dustIridium_1606625979": true,
  "item.thermalfoundation.material.dustMithril_909205522": true,
  "item.thermalfoundation.material.dustLead_260973303": true,
  "item.thermalfoundation.material.dustAluminum_-2129893006": true,
  "item.thermalfoundation.material.dustNickel_1084526279": true,
  "item.thermalfoundation.material.dustPlatinum_453260804": true,
  "item.thermalfoundation.material.dustIridium_-1378452448": true,
  "item.thermalfoundation.material.dustMithril_-2075872905": true,
  "item.thermalfoundation.material.dustSteel_-363330791": true,
  "item.thermalfoundation.material.dustElectrum_1934021306": true,
  "item.thermalfoundation.material.dustInvar_-654660576": true,
  "item.thermalfoundation.material.dustConstantan_1917796193": true,
  "item.thermalfoundation.material.dustSignalum_-756765903": true,
  "item.thermalfoundation.material.dustLumium_-337739213": true,
  "item.thermalfoundation.material.dustEnderium_292314326": true,
  "item.itemFuelUran_-358476226": true,
  "ic2exprecipe_Tiny Piles of Iron Dust_": true,
  "ic2exprecipe_Tiny Piles of Gold Dust_": true,
  "ic2exprecipe_Tiny Piles of Copper Dust_": true,
  "ic2exprecipe_Tiny Piles of Tin Dust_": true,
  "ic2exprecipe_Tiny Piles of Silver Dust_": true,
  "ic2exprecipe_Tiny Piles of Lead Dust_": true,
  "ic2exprecipe_Crushed Uranium Ore_": true,
  "ic2exprecipe_Crushed Amber Ore_": true,
  "ic2exprecipe_Crushed Cinnabar Ore_": true,
  "item.itemDustIron_-1291313081": true,
  "item.itemDustGold_-1293252658": true,
  "item.itemDustCopper_-357626796": true,
  "item.itemDustTin_1031938275": true,
  "item.itemDustSilver_782240061": true,
  "item.leadDust_721114083": true,
  "item.itemDustIron_-1531188923": true,
  "item.itemDustGold_-1533128500": true,
  "item.itemDustCopper_1049923026": true,
  "item.itemDustTin_1439842341": true,
  "item.itemDustSilver_-2105177413": true,
  "item.leadDust_481238241": true,
  "item.bioChaff_867197653": true,
  "tile.dirt.default_-414469026": true,
  "item.uraniumDust_746040117": true,
  "item.uraniumDust_61668595": true,
  "item.uraniumDust_1879292729": true,
  "Diamond Dust": true,
  "Energium Dust": true,
  "ironOre": true,
  "goldOre": true,
  "copperOre": true,
  "tinOre": true,
  "silverOre": true,
  "leadOre": true,
  "ironPoorOre": true,
  "goldPoorOre": true,
  "copperPoorOre": true,
  "tinPoorOre": true,
  "silverPoorOre": true,
  "leadPoorOre": true,
  "item.aluminumCrushedOre_-470028817": true,
  "item.thermalfoundation.material.dustAluminum_-246762625": true,
  "item.thermalfoundation.material.dustAluminum_12556673": true,
  "item.nickelCrushedOre_-1334095953": true,
  "item.thermalfoundation.material.dustNickel_-1072170988": true,
  "item.thermalfoundation.material.dustNickel_1815246486": true,
  "item.platinumCrushedOre_-374427281": true,
  "item.thermalfoundation.material.dustPlatinum_-1958576111": true,
  "item.thermalfoundation.material.dustPlatinum_-1699256813": true,
  "uraniumOre": true,
  "item.diamondDust_1668393821": true,
  "item.leadDust_493097881": true,
  "item.uraniumDust_-1115821342": true,
  "item.plutoniumDust_1951673122": true,
  "item.thorium232Dust_-870558977": true,
  "item.uranium233Dust_1189228084": true,
  "item.uranium235_-1663904446": true,
  "item.leadDust_1086833748": true,
  "item.bewitchment.salt_-1109458020": true
 },
 "extractor": {
  "item.coal_764578481": true,
  "item.dyePowder.blue_749691996": true,
  "item.diamond_1399568853": true,
  "item.emerald_-1524801579": true,
  "item.itemRubber_423644248": true,
  "item.itemRubber_-140850560": true,
  "item.itemRubber_443969768": true,
  "item.netherquartz_1623712433": true,
  "item.flint_880385219": true,
  "item.itemDynamite_-1026852414": true,
  "item.itemCellBioRef_1988938688": true,
  "item.itemCellBioRef_1003098307": true,
  "item.itemCellCoalRef_1988936704": true,
  "item.itemCellHydrant_1879541949": true,
  "ScrapboxUnpacking": true,
  "item.dyePowder.yellow_2028315520": true,
  "item.dyePowder.red_1526347303": true,
  "item.dyePowder.lightBlue_1526348605": true,
  "item.dyePowder.magenta_1526349597": true,
  "item.dyePowder.silver_1526350372": true,
  "item.dyePowder.red_1526351147": true,
  "item.dyePowder.orange_1526352511": true,
  "item.dyePowder.silver_1526353255": true,
  "item.dyePowder.pink_1526354278": true,
  "item.dyePowder.silver_1526355177": true,
  "item.dyePowder.yellow_1192533033": true,
  "item.dyePowder.magenta_1192534056": true,
  "item.dyePowder.red_1192536567": true,
  "item.dyePowder.pink_1192537776": true,
  "item.dyePowder.red_-405206020": true
 },
 "compressor": {
  "tile.sandStone.default_1494879518": true,
  "tile.redSandStone.default_2137708081": true,
  "tile.netherBrick_-248922228": true,
  "tile.ice_-38485878": true,
  "tile.icePacked_-564697894": true,
  "item.blazeRod_853245877": true,
  "item.snowball_1648449263": true,
  "item.itemIngotUran_751381032": true,
  "item.itemPartDCP_-1088339036": true,
  "item.itemFuelPlantCmpr_1989183712": true,
  "item.itemFuelCoalCmpr_1988854120": true,
  "item.itemFuelCoalCmpr_1988859886": true,
  "item.itemCellAir_1003095300": true,
  "item.itemCompressedBioBall_1989187711": true,
  "tile.blockMiningPipe_1781809032": true,
  "item.itemDeadMagnet_1989095424": true,
  "item.itemPartCarbonPlate_1989089472": true,
  "item.itemPartCoalBlock_1989084512": true,
  "item.itemPartIndustrialDiamond_1989086496": true,
  "item.scrapMetalChunk_1989038942": true,
  "item.itemObsidianBlade_1989136096": true,
  "item.itemPartAlloy_1988898264": true,
  "item.itemPartPellet_7915127": true,
  "item.potion_441691177": true,
  "item.itemDustIron_1854467085": true,
  "item.itemDustGold_1852527508": true,
  "item.itemDustCopper_-919863654": true,
  "item.itemDustTin_-529152931": true,
  "item.itemDustSilver_220003203": true,
  "item.leadDust_-428073047": true,
  "item.itemObsidianDust_-1992484111": true,
  "item.itemDustBronze_-1722443145": true,
  "item.uranium235_-1828152105": true,
  "item.uranium238_-1828149129": true,
  "item.plutoniumDust_422354157": true,
  "item.uranium235_-524486572": true,
  "item.uranium238_-524483596": true,
  "item.plutoniumDust_602955216": true,
  "item.itemIngotUran_229556971": true,
  "item.itemBatCrystal_-619444814": true,
  "item.denseIronPlate_1885833001": true,
  "item.denseLeadPlate_-1661651455": true,
  "item.plutoniumIngot_-1420216332": true,
  "item.thorium232Ingot_1436183185": true,
  "item.uranium235Ingot_1775882148": true,
  "item.uranium233Ingot_-1709738584": true,
  "item.uranium238Ingot_-1585621346": true,
  "item.itemFuelUran_2128902580": true
 },
 "massfabricatorAmplifier": {
  "ScrapAmplifier": true,
  "ScrapboxAmplifier": true,
  "ScrapMetalAmplifier": true
 },
 "electrolyzer": {
  "ElectrolyizingWater": true,
  "Magnetizing": true
 },
 "recycler": {
  "compostingFlesh": true,
  "horserArmorRecyclingIron": true,
  "horserArmorRecyclingGold": true,
  "horserArmorRecyclingDiamond": true,
  "minecartRecycling": true,
  "axeReyclingdiamond": true,
  "pickaxeReyclingdiamond": true,
  "shovelReyclingdiamond": true,
  "hoeReyclingdiamond": true,
  "swordReyclingdiamond": true,
  "helmetReyclingdiamond": true,
  "chestplateReyclingdiamond": true,
  "leggingsReyclingdiamond": true,
  "bootsReyclingdiamond": true,
  "axeReyclingiron": true,
  "pickaxeReyclingiron": true,
  "shovelReyclingiron": true,
  "hoeReyclingiron": true,
  "swordReyclingiron": true,
  "helmetReyclingiron": true,
  "chestplateReyclingiron": true,
  "leggingsReyclingiron": true,
  "bootsReyclingiron": true,
  "axeReyclinggold": true,
  "pickaxeReyclinggold": true,
  "shovelReyclinggold": true,
  "hoeReyclinggold": true,
  "swordReyclinggold": true,
  "helmetReyclinggold": true,
  "chestplateReyclinggold": true,
  "leggingsReyclinggold": true,
  "bootsReyclinggold": true,
  "axeScrappingiron": true,
  "pickaxeScrappingiron": true,
  "shovelScrappingiron": true,
  "hoeScrappingiron": true,
  "swordScrappingiron": true,
  "helmetScrappingiron": true,
  "chestplateScrappingiron": true,
  "leggingsScrappingiron": true,
  "bootsScrappingiron": true,
  "axeScrappinggold": true,
  "pickaxeScrappinggold": true,
  "shovelScrappinggold": true,
  "hoeScrappinggold": true,
  "swordScrappinggold": true,
  "helmetScrappinggold": true,
  "chestplateScrappinggold": true,
  "leggingsScrappinggold": true,
  "bootsScrappinggold": true,
  "leatherReworkingBoots": true,
  "leatherReworkingLeggings": true,
  "leatherReworkingChest": true,
  "leatherReworkingHelmet": true,
  "RareEarthRycling": true,
  "ingotRecycling_ingotIron": true,
  "ingotRecycling_ingotGold": true,
  "ingotRecycling_ingotBronze": true,
  "ingotRecycling_ingotCopper": true,
  "ingotRecycling_ingotRefinedIron": true,
  "ingotRecycling_ingotTin": true,
  "ingotRecycling_ingotUranium": true,
  "ingotRecycling_ingotSilver": true,
  "ingotRecycling_ingotEnrichedUranium": true,
  "ingotRecycling_ingotNetherite": true,
  "ingotRecycling_ingotAncientDebris": true,
  "ingotRecycling_ingotLead": true,
  "ingotRecycling_ingotAluminum": true,
  "ingotRecycling_ingotNickel": true,
  "ingotRecycling_ingotPlatinum": true,
  "ingotRecycling_ingotIridium": true,
  "ingotRecycling_ingotMithril": true,
  "ingotRecycling_ingotSteel": true,
  "ingotRecycling_ingotElectrum": true,
  "ingotRecycling_ingotInvar": true,
  "ingotRecycling_ingotConstantan": true,
  "ingotRecycling_ingotSignalum": true,
  "ingotRecycling_ingotLumium": true,
  "ingotRecycling_ingotEnderium": true,
  "ingotRecycling_ingotThaumium": true,
  "ingotRecycling_ingotVoid": true,
  "ingotRecycling_ingotBrass": true,
  "ingotRecycling_ingotManasteel": true,
  "ingotRecycling_ingotTerrasteel": true,
  "ingotRecycling_ingotElvenElementium": true,
  "ingotRecycling_ingotPlutonium": true,
  "ingotRecycling_ingotThorium": true,
  "ingotRecycling_ingotUranium233": true,
  "ingotRecycling_ingotUranium235": true,
  "ingotRecycling_ingotColdIron": true,
  "ingotRecycling_ingotAlkimium": true,
  "ingotRecycling_ingotBismuth": true,
  "ingotRecycling_ingotFiery": true,
  "ingotRecycling_ingotIronwood": true,
  "ingotRecycling_ingotKnightmetal": true,
  "ingotRecycling_ingotSteeleaf": true
 },
 "sawmill": {
  "tile.wood.oak_-867074482": true,
  "tile.wood.spruce_-867073490": true,
  "tile.wood.birch_-867072498": true,
  "tile.wood.jungle_-867071506": true,
  "tile.wood.acacia_570963040": true,
  "tile.wood.big_oak_570964032": true,
  "tile.rustic.planks_olive_618364974": true,
  "tile.rustic.planks_ironwood_618365966": true,
  "tile.wood.acacia_-1213178831": true,
  "tile.wood.jungle_1641943057": true,
  "tile.wood.birch_-871987665": true,
  "tile.wood.oak_1591258536": true,
  "tile.wood.spruce_389030702": true,
  "tile.wood.big_oak_1422901020": true,
  "tile.wood.oak_To_Sticks_-1415703904": true,
  "tile.wood.spruce_To_Sticks_-1415702943": true,
  "tile.wood.birch_To_Sticks_-1415701982": true,
  "tile.wood.jungle_To_Sticks_-1415701021": true,
  "tile.wood.acacia_To_Sticks_-1415700060": true,
  "tile.wood.big_oak_To_Sticks_-1415699099": true,
  "tile.rustic.planks_olive_To_Sticks_694404209": true,
  "tile.rustic.planks_ironwood_To_Sticks_694405170": true,
  "tile.wood.acacia_To_Sticks_-1415700060_1": true,
  "tile.wood.jungle_To_Sticks_-1415701021_1": true,
  "tile.wood.birch_To_Sticks_-1415701982_1": true,
  "tile.wood.oak_To_Sticks_-1415703904_1": true,
  "tile.wood.spruce_To_Sticks_-1415702943_1": true,
  "tile.wood.big_oak_To_Sticks_-1415699099_1": true,
  "tile.log.jungle_-1814706450": true,
  "item.melon_-1083706285": true,
  "tile.plank_greatwood_-1369369025": true,
  "tile.plank_silverwood_1273833603": true,
  "tile.wildwood_planks_-110721186": true,
  "tile.charred_planks_1708279158": true,
  "tile.plank_greatwood_To_Sticks_-1125468894": true,
  "tile.plank_silverwood_To_Sticks_-322602296": true,
  "tile.wildwood_planks_To_Sticks_1472615932": true,
  "tile.charred_planks_To_Sticks_-27442385": true,
  "tile.skyroot_plank_-808850979": true,
  "tile.skyroot_plank_-808850018": true,
  "tile.traverse:fir_planks_630659598": true,
  "tile.skyroot_plank_To_Sticks_-1886773119": true,
  "tile.skyroot_plank_To_Sticks_-1886773119_1": true,
  "tile.traverse:fir_planks_To_Sticks_1834480565": true,
  "tile.bewitchment.cypress_planks_1497774437": true,
  "tile.bewitchment.elder_planks_-999642875": true,
  "tile.bewitchment.juniper_planks_1931782821": true,
  "tile.bewitchment.dragons_blood_planks_1517944613": true,
  "tile.forbidden_arcanus.edelwood_planks_634093350": true,
  "tile.forbidden_arcanus.cherrywood_planks_-1743410176": true,
  "tile.forbidden_arcanus.mysterywood_planks_-1174032716": true,
  "tile.netherplanks_-1606573501": true,
  "tile.goldenplanks_-1851463645": true,
  "tile.enderplanks_1181062211": true,
  "tile.peaceplanks_-556742781": true,
  "tile.bewitchment.cypress_planks_To_Sticks_-1609173245": true,
  "tile.bewitchment.elder_planks_To_Sticks_-1179373760": true,
  "tile.bewitchment.juniper_planks_To_Sticks_-386519027": true,
  "tile.bewitchment.dragons_blood_planks_To_Sticks_-2077179471": true,
  "tile.forbidden_arcanus.edelwood_planks_To_Sticks_1104472702": true,
  "tile.forbidden_arcanus.cherrywood_planks_To_Sticks_-797354671": true,
  "tile.forbidden_arcanus.mysterywood_planks_To_Sticks_1472231031": true,
  "tile.netherplanks_To_Sticks_1764597790": true,
  "tile.goldenplanks_To_Sticks_1657997965": true,
  "tile.enderplanks_To_Sticks_386743214": true,
  "tile.peaceplanks_To_Sticks_-1067411768": true,
  "tile.twilightforest.TwilightOakPlanks_-1058539310": true,
  "tile.twilightforest.CanopyPlanks_-907196395": true,
  "tile.twilightforest.MangrovePlanks_-472800667": true,
  "tile.twilightforest.DarkPlanks_-2047230775": true,
  "tile.twilightforest.TimePlanks_-1893655982": true,
  "tile.twilightforest.TransPlanks_-1107942248": true,
  "tile.twilightforest.MinePlanks_-1636784370": true,
  "tile.twilightforest.SortPlanks_126688740": true,
  "tile.twilightforest.TwilightOakPlanks_To_Sticks_184576075": true,
  "tile.twilightforest.CanopyPlanks_To_Sticks_581209353": true,
  "tile.twilightforest.MangrovePlanks_To_Sticks_1162545242": true,
  "tile.twilightforest.DarkPlanks_To_Sticks_-400177641": true,
  "tile.twilightforest.TimePlanks_To_Sticks_-700045138": true,
  "tile.twilightforest.TransPlanks_To_Sticks_-2112752951": true,
  "tile.twilightforest.MinePlanks_To_Sticks_-1327019340": true,
  "tile.twilightforest.SortPlanks_To_Sticks_1801009727": true
 },
 "rolling": {
  "ic2exprecipe_Thaumium Plate_": true,
  "item.copperPlate": true,
  "item.tinPlate": true,
  "item.silverPlate": true,
  "item.leadPlate": true,
  "item.ironPlate": true,
  "item.goldPlate": true,
  "item.refinedIronPlate": true,
  "item.steelPlate": true,
  "item.bronzePlate": true,
  "item.copperCasing": true,
  "item.tinCasing": true,
  "item.silverCasing": true,
  "item.leadCasing": true,
  "item.ironCasing": true,
  "item.goldCasing": true,
  "item.refinedIronCasing": true,
  "item.steelCasing": true,
  "item.bronzeCasing": true,
  "tile.blockMiningPipe": true,
  "item.thermalfoundation.material.plateAluminum": true,
  "item.thermalfoundation.material.plateNickel": true,
  "item.thermalfoundation.material.platePlatinum": true,
  "item.thermalfoundation.material.plateMithril": true,
  "item.thermalfoundation.material.plateElectrum": true,
  "item.thermalfoundation.material.plateInvar": true,
  "item.thermalfoundation.material.plateConstantan": true,
  "item.thermalfoundation.material.plateSignalum": true,
  "item.thermalfoundation.material.plateLumium": true,
  "item.thermalfoundation.material.plateEnderium": true,
  "item.plate.thaumium": true,
  "item.plate.void": true,
  "item.plate.brass": true,
  "item_plate_0": true,
  "item_plate_1": true,
  "item_plate_2": true,
  "item_plate_3": true,
  "item_plate_4": true,
  "item_plate_5": true,
  "item.bewitchment.cold_iron_plate": true,
  "item.alkimium_plate": true,
  "item.bismuth_plate": true
 },
 "thermalCentrifuge": {
  "ic2exprecipe_Tiny Piles of Copper Dust_Amber_Stone Dust_": true,
  "ic2exprecipe_Tiny Piles of Tin Dust_Quicksilver_Stone Dust_": true,
  "ic2exprecipe_Tiny Piles of Copper Dust_Amber_": true,
  "ic2exprecipe_Tiny Piles of Tin Dust_Quicksilver_": true,
  "item.itemDustIron": true,
  "item.itemDustGold": true,
  "item.itemDustCopper": true,
  "item.itemDustTin": true,
  "item.itemDustSilver": true,
  "item.leadDust": true,
  "item.thermalfoundation.material.dustAluminum": true,
  "item.thermalfoundation.material.dustNickel": true,
  "item.thermalfoundation.material.dustPlatinum": true,
  "item.plutoniumTinyDust": true,
  "item.plutoniumTinyDust_1": true,
  "item.uranium233TinyDust": true,
  "item.refinedUraniumOre": true,
  "item.uraniumDust": true,
  "item.uranium238": true
 },
 "oreWashingPlant": {
  "ic2exprecipe_Purified Amber Ore_Tiny Piles of Copper Dust_Stone Dust_": true,
  "ic2exprecipe_Purified Cinnabar Ore_Tiny Piles of Tin Dust_Stone Dust_": true,
  "item.ironPurifiedCrushedOre": true,
  "item.goldPurifiedCrushedOre": true,
  "item.copperPurifiedCrushedOre": true,
  "item.tinPurifiedCrushedOre": true,
  "item.silverPurifiedCrushedOre": true,
  "item.leadPurifiedCrushedOre": true,
  "item.stoneDust": true,
  "item.aluminumPurifiedCrushedOre": true,
  "item.nickelPurifiedCrushedOre": true,
  "item.platinumPurifiedCrushedOre": true,
  "item.uraniumPurifiedCrushedOre": true
 },
 "fluidCanning": {
  "enriching_fluid.biomass": true,
  "filling_tile.thermaldynamics.duct.energyReinforced_fluid.redstone": true,
  "filling_tile.thermaldynamics.duct.energySignalum_fluid.redstone": true,
  "filling_tile.thermaldynamics.duct.energyResonant_fluid.redstone": true,
  "filling_tile.thermaldynamics.duct.energySuper_fluid.cryotheum": true,
  "filling_tile.thermaldynamics.duct.itemFast_fluid.glowstone": true,
  "filling_tile.thermaldynamics.duct.itemFast_fluid.glowstone_1": true,
  "filling_tile.thermaldynamics.duct.itemEnergyFast_fluid.glowstone": true,
  "filling_tile.thermaldynamics.duct.itemEnergyFast_fluid.glowstone_1": true,
  "filling_tile.thermaldynamics.duct.transportBasic_fluid.aerotheum": true,
  "filling_tile.thermaldynamics.duct.transportLinking_fluid.ender": true,
  "filling_item.thermalfoundation.material.dustBlizz_fluid.experience": true,
  "filling_item.blazePowder_fluid.experience": true,
  "filling_item.thermalfoundation.material.dustBasalz_fluid.experience": true,
  "filling_item.thermalfoundation.material.dustBlitz_fluid.experience": true,
  "filling_item.thermalfoundation.material.dustBiomassRich_fluid.seed_oil": true,
  "filling_item.thermalfoundation.material.dustBioblendRich_fluid.seed_oil": true,
  "filling_item.thermalfoundation.fertilizer.fertilizerRich_fluid.sap": true,
  "filling_item.enderPearl_fluid.cryotheum": true,
  "filling_item.yellowDust_fluid.cryotheum": true,
  "filling_item.redstone_fluid.cryotheum": true,
  "filling_item.enderPearl_fluid.ender": true,
  "filling_item.redstone_fluid.redstone": true,
  "filling_item.yellowDust_fluid.glowstone": true,
  "filling_tile.ice_fluid.tile.water": true,
  "filling_tile.icePacked_fluid.cryotheum": true,
  "filling_item.mushroomStew_fluid.mushroom_stew": true,
  "filling_item.bucketWater_fluid.tile.water": true,
  "filling_item.bucketLava_fluid.tile.lava": true,
  "filling_item.forge.bucketFilled_fluid.steam.name": true,
  "filling_item.forge.bucketFilled_fluid.oliveoil": true,
  "filling_item.forge.bucketFilled_fluid.ironberryjuice": true,
  "filling_item.forge.bucketFilled_fluid.wildberryjuice": true,
  "filling_item.forge.bucketFilled_fluid.grapejuice": true,
  "filling_item.forge.bucketFilled_fluid.applejuice": true,
  "filling_item.forge.bucketFilled_fluid.alewort": true,
  "filling_item.forge.bucketFilled_fluid.honey": true,
  "filling_item.forge.bucketFilled_fluid.cinderfire_wort": true,
  "filling_item.forge.bucketFilled_fluid.shimmerdew_wort": true,
  "filling_item.forge.bucketFilled_fluid.viscous_wort": true,
  "filling_item.forge.bucketFilled_fluid.cinderfire_whiskey": true,
  "filling_item.forge.bucketFilled_fluid.shimmerdew_spirits": true,
  "filling_item.forge.bucketFilled_fluid.viscous_brew": true,
  "filling_item.forge.bucketFilled_fluid.creosote": true,
  "filling_item.forge.bucketFilled_fluid.coal": true,
  "filling_item.forge.bucketFilled_fluid.crude_oil": true,
  "filling_item.forge.bucketFilled_fluid.refined_oil": true,
  "filling_item.forge.bucketFilled_fluid.refined_fuel": true,
  "filling_item.forge.bucketFilled_fluid.sap": true,
  "filling_item.forge.bucketFilled_fluid.syrup": true,
  "filling_item.forge.bucketFilled_fluid.resin": true,
  "filling_item.forge.bucketFilled_fluid.tree_oil": true,
  "filling_item.forge.bucketFilled_fluid.seed_oil": true,
  "filling_item.forge.bucketFilled_fluid.biocrude": true,
  "filling_item.forge.bucketFilled_fluid.refined_biofuel": true,
  "filling_item.forge.bucketFilled_fluid.mushroom_stew": true,
  "filling_item.forge.bucketFilled_fluid.experience": true,
  "filling_item.forge.bucketFilled_fluid.potion": true,
  "filling_item.forge.bucketFilled_fluid.potion_splash": true,
  "filling_item.forge.bucketFilled_fluid.potion_lingering": true,
  "filling_item.forge.bucketFilled_fluid.redstone": true,
  "filling_item.forge.bucketFilled_fluid.glowstone": true,
  "filling_item.forge.bucketFilled_fluid.ender": true,
  "filling_item.forge.bucketFilled_fluid.pyrotheum": true,
  "filling_item.forge.bucketFilled_fluid.cryotheum": true,
  "filling_item.forge.bucketFilled_fluid.aerotheum": true,
  "filling_item.forge.bucketFilled_fluid.petrotheum": true,
  "filling_item.forge.bucketFilled_fluid.mana": true,
  "filling_item.forge.bucketFilled_fluid.liquid_death": true,
  "filling_item.forge.bucketFilled_fluid.purifying_fluid": true,
  "emptying_item.bucket_fluid.tile.water": true,
  "emptying_item.bucket_fluid.tile.lava": true,
  "filling_item.itemCellWater_fluid.tile.water": true,
  "filling_item.itemCellLava_fluid.tile.lava": true,
  "filling_item.itemCellWoodGas_fluid.woodgas.name": true,
  "emptying_item.itemCellEmpty_fluid.tile.water": true,
  "emptying_item.itemCellEmpty_fluid.tile.lava": true,
  "emptying_item.itemCellEmpty_fluid.woodgas.name": true,
  "filling_item.universalFluidCell_fluid.tile.water": true,
  "filling_item.universalFluidCell_fluid.tile.lava": true,
  "filling_item.universalFluidCell_fluid.coolant.name": true,
  "filling_item.universalFluidCell_fluid.steam.name": true,
  "filling_item.universalFluidCell_fluid.woodgas.name": true,
  "filling_item.universalFluidCell_fluid.biomass": true,
  "filling_item.universalFluidCell_fluid.biogas": true,
  "filling_item.universalFluidCell_fluid.oliveoil": true,
  "filling_item.universalFluidCell_fluid.ironberryjuice": true,
  "filling_item.universalFluidCell_fluid.wildberryjuice": true,
  "filling_item.universalFluidCell_fluid.grapejuice": true,
  "filling_item.universalFluidCell_fluid.applejuice": true,
  "filling_item.universalFluidCell_fluid.alewort": true,
  "filling_item.universalFluidCell_fluid.honey": true,
  "filling_item.universalFluidCell_fluid.ale": true,
  "filling_item.universalFluidCell_fluid.cider": true,
  "filling_item.universalFluidCell_fluid.ironwine": true,
  "filling_item.universalFluidCell_fluid.mead": true,
  "filling_item.universalFluidCell_fluid.wildberrywine": true,
  "filling_item.universalFluidCell_fluid.wine": true,
  "filling_item.universalFluidCell_fluid.cinderfire_wort": true,
  "filling_item.universalFluidCell_fluid.shimmerdew_wort": true,
  "filling_item.universalFluidCell_fluid.viscous_wort": true,
  "filling_item.universalFluidCell_fluid.cinderfire_whiskey": true,
  "filling_item.universalFluidCell_fluid.shimmerdew_spirits": true,
  "filling_item.universalFluidCell_fluid.viscous_brew": true,
  "filling_item.universalFluidCell_fluid.creosote": true,
  "filling_item.universalFluidCell_fluid.coal": true,
  "filling_item.universalFluidCell_fluid.crude_oil": true,
  "filling_item.universalFluidCell_fluid.refined_oil": true,
  "filling_item.universalFluidCell_fluid.refined_fuel": true,
  "filling_item.universalFluidCell_fluid.sap": true,
  "filling_item.universalFluidCell_fluid.syrup": true,
  "filling_item.universalFluidCell_fluid.resin": true,
  "filling_item.universalFluidCell_fluid.tree_oil": true,
  "filling_item.universalFluidCell_fluid.seed_oil": true,
  "filling_item.universalFluidCell_fluid.biocrude": true,
  "filling_item.universalFluidCell_fluid.refined_biofuel": true,
  "filling_item.universalFluidCell_fluid.mushroom_stew": true,
  "filling_item.universalFluidCell_fluid.experience": true,
  "filling_item.universalFluidCell_fluid.potion": true,
  "filling_item.universalFluidCell_fluid.potion_splash": true,
  "filling_item.universalFluidCell_fluid.potion_lingering": true,
  "filling_item.universalFluidCell_fluid.redstone": true,
  "filling_item.universalFluidCell_fluid.glowstone": true,
  "filling_item.universalFluidCell_fluid.ender": true,
  "filling_item.universalFluidCell_fluid.pyrotheum": true,
  "filling_item.universalFluidCell_fluid.cryotheum": true,
  "filling_item.universalFluidCell_fluid.aerotheum": true,
  "filling_item.universalFluidCell_fluid.petrotheum": true,
  "filling_item.universalFluidCell_fluid.mana": true,
  "filling_item.universalFluidCell_fluid.flux_goo": true,
  "filling_item.universalFluidCell_fluid.liquid_death": true,
  "filling_item.universalFluidCell_fluid.purifying_fluid": true,
  "emptying_item.universalFluidCell_fluid.tile.water": true,
  "emptying_item.universalFluidCell_fluid.tile.lava": true,
  "emptying_item.universalFluidCell_fluid.coolant.name": true,
  "emptying_item.universalFluidCell_fluid.steam.name": true,
  "emptying_item.universalFluidCell_fluid.woodgas.name": true,
  "emptying_item.universalFluidCell_fluid.biomass": true,
  "emptying_item.universalFluidCell_fluid.biogas": true,
  "emptying_item.universalFluidCell_fluid.oliveoil": true,
  "emptying_item.universalFluidCell_fluid.ironberryjuice": true,
  "emptying_item.universalFluidCell_fluid.wildberryjuice": true,
  "emptying_item.universalFluidCell_fluid.grapejuice": true,
  "emptying_item.universalFluidCell_fluid.applejuice": true,
  "emptying_item.universalFluidCell_fluid.alewort": true,
  "emptying_item.universalFluidCell_fluid.honey": true,
  "emptying_item.universalFluidCell_fluid.ale": true,
  "emptying_item.universalFluidCell_fluid.cider": true,
  "emptying_item.universalFluidCell_fluid.ironwine": true,
  "emptying_item.universalFluidCell_fluid.mead": true,
  "emptying_item.universalFluidCell_fluid.wildberrywine": true,
  "emptying_item.universalFluidCell_fluid.wine": true,
  "emptying_item.universalFluidCell_fluid.cinderfire_wort": true,
  "emptying_item.universalFluidCell_fluid.shimmerdew_wort": true,
  "emptying_item.universalFluidCell_fluid.viscous_wort": true,
  "emptying_item.universalFluidCell_fluid.cinderfire_whiskey": true,
  "emptying_item.universalFluidCell_fluid.shimmerdew_spirits": true,
  "emptying_item.universalFluidCell_fluid.viscous_brew": true,
  "emptying_item.universalFluidCell_fluid.creosote": true,
  "emptying_item.universalFluidCell_fluid.coal": true,
  "emptying_item.universalFluidCell_fluid.crude_oil": true,
  "emptying_item.universalFluidCell_fluid.refined_oil": true,
  "emptying_item.universalFluidCell_fluid.refined_fuel": true,
  "emptying_item.universalFluidCell_fluid.sap": true,
  "emptying_item.universalFluidCell_fluid.syrup": true,
  "emptying_item.universalFluidCell_fluid.resin": true,
  "emptying_item.universalFluidCell_fluid.tree_oil": true,
  "emptying_item.universalFluidCell_fluid.seed_oil": true,
  "emptying_item.universalFluidCell_fluid.biocrude": true,
  "emptying_item.universalFluidCell_fluid.refined_biofuel": true,
  "emptying_item.universalFluidCell_fluid.mushroom_stew": true,
  "emptying_item.universalFluidCell_fluid.experience": true,
  "emptying_item.universalFluidCell_fluid.potion": true,
  "emptying_item.universalFluidCell_fluid.potion_splash": true,
  "emptying_item.universalFluidCell_fluid.potion_lingering": true,
  "emptying_item.universalFluidCell_fluid.redstone": true,
  "emptying_item.universalFluidCell_fluid.glowstone": true,
  "emptying_item.universalFluidCell_fluid.ender": true,
  "emptying_item.universalFluidCell_fluid.pyrotheum": true,
  "emptying_item.universalFluidCell_fluid.cryotheum": true,
  "emptying_item.universalFluidCell_fluid.aerotheum": true,
  "emptying_item.universalFluidCell_fluid.petrotheum": true,
  "emptying_item.universalFluidCell_fluid.mana": true,
  "emptying_item.universalFluidCell_fluid.flux_goo": true,
  "emptying_item.universalFluidCell_fluid.liquid_death": true,
  "emptying_item.universalFluidCell_fluid.purifying_fluid": true,
  "emptying_item.bucket_fluid.steam.name": true,
  "emptying_item.bucket_fluid.oliveoil": true,
  "emptying_item.bucket_fluid.ironberryjuice": true,
  "emptying_item.bucket_fluid.wildberryjuice": true,
  "emptying_item.bucket_fluid.grapejuice": true,
  "emptying_item.bucket_fluid.applejuice": true,
  "emptying_item.bucket_fluid.alewort": true,
  "emptying_item.bucket_fluid.honey": true,
  "emptying_item.bucket_fluid.cinderfire_wort": true,
  "emptying_item.bucket_fluid.shimmerdew_wort": true,
  "emptying_item.bucket_fluid.viscous_wort": true,
  "emptying_item.bucket_fluid.cinderfire_whiskey": true,
  "emptying_item.bucket_fluid.shimmerdew_spirits": true,
  "emptying_item.bucket_fluid.viscous_brew": true,
  "emptying_item.bucket_fluid.creosote": true,
  "emptying_item.bucket_fluid.coal": true,
  "emptying_item.bucket_fluid.crude_oil": true,
  "emptying_item.bucket_fluid.refined_oil": true,
  "emptying_item.bucket_fluid.refined_fuel": true,
  "emptying_item.bucket_fluid.sap": true,
  "emptying_item.bucket_fluid.syrup": true,
  "emptying_item.bucket_fluid.resin": true,
  "emptying_item.bucket_fluid.tree_oil": true,
  "emptying_item.bucket_fluid.seed_oil": true,
  "emptying_item.bucket_fluid.biocrude": true,
  "emptying_item.bucket_fluid.refined_biofuel": true,
  "emptying_item.bucket_fluid.mushroom_stew": true,
  "emptying_item.bucket_fluid.experience": true,
  "emptying_item.bucket_fluid.potion": true,
  "emptying_item.bucket_fluid.potion_splash": true,
  "emptying_item.bucket_fluid.potion_lingering": true,
  "emptying_item.bucket_fluid.redstone": true,
  "emptying_item.bucket_fluid.glowstone": true,
  "emptying_item.bucket_fluid.ender": true,
  "emptying_item.bucket_fluid.pyrotheum": true,
  "emptying_item.bucket_fluid.cryotheum": true,
  "emptying_item.bucket_fluid.aerotheum": true,
  "emptying_item.bucket_fluid.petrotheum": true,
  "emptying_item.bucket_fluid.mana": true,
  "emptying_item.bucket_fluid.liquid_death": true,
  "emptying_item.bucket_fluid.purifying_fluid": true,
  "emptying_item.bowl_fluid.tile.water": true,
  "filling_item.skyroot_bucket_water_fluid.tile.water": true,
  "emptying_item.skyroot_bucket_empty_fluid.tile.water": true,
  "filling_item.skyroot_bucket_water_fluid.tile.water_1": true,
  "filling_item.skyroot_bucket_water_fluid.tile.water_2": true,
  "filling_item.skyroot_bucket_water_fluid.tile.water_3": true,
  "emptying_tile.unending_bowl_fluid.tile.water": true,
  "filling_item.forge.bucketFilled_fluid.juniper_berry_juice": true,
  "filling_item.forge.bucketFilled_fluid.elderberry_juice": true,
  "filling_item.forge.bucketFilled_fluid.wormwood_mixture": true,
  "filling_item.forge.bucketFilled_fluid.sage_juice": true,
  "filling_item.forge.bucketFilled_fluid.pyro": true,
  "filling_item.forge.bucketFilled_fluid.fluid_quicksilver": true,
  "filling_item.universalFluidCell_fluid.juniper_berry_juice": true,
  "filling_item.universalFluidCell_fluid.elderberry_juice": true,
  "filling_item.universalFluidCell_fluid.wormwood_mixture": true,
  "filling_item.universalFluidCell_fluid.sage_juice": true,
  "filling_item.universalFluidCell_fluid.gin": true,
  "filling_item.universalFluidCell_fluid.elderberry_wine": true,
  "filling_item.universalFluidCell_fluid.absinthe": true,
  "filling_item.universalFluidCell_fluid.sage_liqueur": true,
  "filling_item.universalFluidCell_fluid.pyro": true,
  "filling_item.universalFluidCell_fluid.fluid_quicksilver": true,
  "emptying_item.universalFluidCell_fluid.juniper_berry_juice": true,
  "emptying_item.universalFluidCell_fluid.elderberry_juice": true,
  "emptying_item.universalFluidCell_fluid.wormwood_mixture": true,
  "emptying_item.universalFluidCell_fluid.sage_juice": true,
  "emptying_item.universalFluidCell_fluid.gin": true,
  "emptying_item.universalFluidCell_fluid.elderberry_wine": true,
  "emptying_item.universalFluidCell_fluid.absinthe": true,
  "emptying_item.universalFluidCell_fluid.sage_liqueur": true,
  "emptying_item.universalFluidCell_fluid.pyro": true,
  "emptying_item.universalFluidCell_fluid.fluid_quicksilver": true,
  "emptying_item.glassBottle_fluid.juniper_berry_juice": true,
  "emptying_item.glassBottle_fluid.elderberry_juice": true,
  "emptying_item.glassBottle_fluid.wormwood_mixture": true,
  "emptying_item.glassBottle_fluid.sage_juice": true,
  "emptying_item.glassBottle_fluid.gin": true,
  "emptying_item.glassBottle_fluid.elderberry_wine": true,
  "emptying_item.glassBottle_fluid.absinthe": true,
  "emptying_item.glassBottle_fluid.sage_liqueur": true,
  "filling_item.bucketWater_fluid.tile.water_1": true,
  "filling_item.bucketLava_fluid.tile.lava_1": true,
  "filling_item.forge.bucketFilled_fluid.steam.name_1": true,
  "filling_item.forge.bucketFilled_fluid.oliveoil_1": true,
  "filling_item.forge.bucketFilled_fluid.ironberryjuice_1": true,
  "filling_item.forge.bucketFilled_fluid.wildberryjuice_1": true,
  "filling_item.forge.bucketFilled_fluid.grapejuice_1": true,
  "filling_item.forge.bucketFilled_fluid.applejuice_1": true,
  "filling_item.forge.bucketFilled_fluid.alewort_1": true,
  "filling_item.forge.bucketFilled_fluid.honey_1": true,
  "filling_item.forge.bucketFilled_fluid.cinderfire_wort_1": true,
  "filling_item.forge.bucketFilled_fluid.shimmerdew_wort_1": true,
  "filling_item.forge.bucketFilled_fluid.viscous_wort_1": true,
  "filling_item.forge.bucketFilled_fluid.cinderfire_whiskey_1": true,
  "filling_item.forge.bucketFilled_fluid.shimmerdew_spirits_1": true,
  "filling_item.forge.bucketFilled_fluid.viscous_brew_1": true,
  "filling_item.forge.bucketFilled_fluid.juniper_berry_juice_1": true,
  "filling_item.forge.bucketFilled_fluid.elderberry_juice_1": true,
  "filling_item.forge.bucketFilled_fluid.wormwood_mixture_1": true,
  "filling_item.forge.bucketFilled_fluid.sage_juice_1": true,
  "filling_item.forge.bucketFilled_fluid.pyro_1": true,
  "filling_item.forge.bucketFilled_fluid.creosote_1": true,
  "filling_item.forge.bucketFilled_fluid.coal_1": true,
  "filling_item.forge.bucketFilled_fluid.crude_oil_1": true,
  "filling_item.forge.bucketFilled_fluid.refined_oil_1": true,
  "filling_item.forge.bucketFilled_fluid.refined_fuel_1": true,
  "filling_item.forge.bucketFilled_fluid.sap_1": true,
  "filling_item.forge.bucketFilled_fluid.syrup_1": true,
  "filling_item.forge.bucketFilled_fluid.resin_1": true,
  "filling_item.forge.bucketFilled_fluid.tree_oil_1": true,
  "filling_item.forge.bucketFilled_fluid.seed_oil_1": true,
  "filling_item.forge.bucketFilled_fluid.biocrude_1": true,
  "filling_item.forge.bucketFilled_fluid.refined_biofuel_1": true,
  "filling_item.forge.bucketFilled_fluid.mushroom_stew_1": true,
  "filling_item.forge.bucketFilled_fluid.experience_1": true,
  "filling_item.forge.bucketFilled_fluid.potion_1": true,
  "filling_item.forge.bucketFilled_fluid.potion_splash_1": true,
  "filling_item.forge.bucketFilled_fluid.potion_lingering_1": true,
  "filling_item.forge.bucketFilled_fluid.redstone_1": true,
  "filling_item.forge.bucketFilled_fluid.glowstone_1": true,
  "filling_item.forge.bucketFilled_fluid.ender_1": true,
  "filling_item.forge.bucketFilled_fluid.pyrotheum_1": true,
  "filling_item.forge.bucketFilled_fluid.cryotheum_1": true,
  "filling_item.forge.bucketFilled_fluid.aerotheum_1": true,
  "filling_item.forge.bucketFilled_fluid.petrotheum_1": true,
  "filling_item.forge.bucketFilled_fluid.mana_1": true,
  "filling_item.forge.bucketFilled_fluid.liquid_death_1": true,
  "filling_item.forge.bucketFilled_fluid.purifying_fluid_1": true,
  "filling_item.forge.bucketFilled_fluid.fluid_quicksilver_1": true,
  "emptying_item.bucket_fluid.juniper_berry_juice": true,
  "emptying_item.bucket_fluid.elderberry_juice": true,
  "emptying_item.bucket_fluid.wormwood_mixture": true,
  "emptying_item.bucket_fluid.sage_juice": true,
  "emptying_item.bucket_fluid.pyro": true,
  "emptying_item.bucket_fluid.fluid_quicksilver": true,
  "filling_item.forge.bucketFilled_fluid.fierymetal": true,
  "filling_item.forge.bucketFilled_fluid.knightmetal": true,
  "filling_item.forge.bucketFilled_fluid.fiery_essence": true,
  "filling_item.universalFluidCell_fluid.fierymetal": true,
  "filling_item.universalFluidCell_fluid.knightmetal": true,
  "filling_item.universalFluidCell_fluid.fiery_essence": true,
  "emptying_item.universalFluidCell_fluid.fierymetal": true,
  "emptying_item.universalFluidCell_fluid.knightmetal": true,
  "emptying_item.universalFluidCell_fluid.fiery_essence": true,
  "emptying_item.bucket_fluid.fierymetal": true,
  "emptying_item.bucket_fluid.knightmetal": true,
  "emptying_item.bucket_fluid.fiery_essence": true
 },
 "extruding": {
  "item.emptyFuelRod": true,
  "item.itemCable": true,
  "item.itemTinCable": true,
  "item.itemBronzeCable": true,
  "item.itemGoldCable": true,
  "item.itemTinCan": true,
  "tile.blockFenceIron": true,
  "item.itemIronCable": true
 },
 "fermenter": {
  "biomass": true
 },
 "metalBender": {
  "item.thermalfoundation.material.gearIron": true,
  "item.thermalfoundation.material.gearGold": true,
  "item.thermalfoundation.material.gearBronze": true,
  "item.thermalfoundation.material.gearCopper": true,
  "item.thermalfoundation.material.gearTin": true,
  "item.thermalfoundation.material.gearSilver": true,
  "item.thermalfoundation.material.gearLead": true,
  "item.thermalfoundation.material.gearSteel": true,
  "item.thermalfoundation.material.gearAluminum": true,
  "item.thermalfoundation.material.gearNickel": true,
  "item.thermalfoundation.material.gearPlatinum": true,
  "item.thermalfoundation.material.gearMithril": true,
  "item.thermalfoundation.material.gearElectrum": true,
  "item.thermalfoundation.material.gearInvar": true,
  "item.thermalfoundation.material.gearConstantan": true,
  "item.thermalfoundation.material.gearSignalum": true,
  "item.thermalfoundation.material.gearLumium": true,
  "item.thermalfoundation.material.gearEnderium": true,
  "item.plate.thaumium": true,
  "item.copperPlate": true,
  "item.tinPlate": true,
  "item.silverPlate": true,
  "item.leadPlate": true,
  "item.ironPlate": true,
  "item.goldPlate": true,
  "item.refinedIronPlate": true,
  "item.steelPlate": true,
  "item.bronzePlate": true,
  "item.copperCasing": true,
  "item.tinCasing": true,
  "item.silverCasing": true,
  "item.leadCasing": true,
  "item.ironCasing": true,
  "item.goldCasing": true,
  "item.refinedIronCasing": true,
  "item.steelCasing": true,
  "item.bronzeCasing": true,
  "tile.blockMiningPipe": true,
  "item.thermalfoundation.material.plateAluminum": true,
  "item.thermalfoundation.material.plateNickel": true,
  "item.thermalfoundation.material.platePlatinum": true,
  "item.thermalfoundation.material.plateMithril": true,
  "item.thermalfoundation.material.plateElectrum": true,
  "item.thermalfoundation.material.plateInvar": true,
  "item.thermalfoundation.material.plateConstantan": true,
  "item.thermalfoundation.material.plateSignalum": true,
  "item.thermalfoundation.material.plateLumium": true,
  "item.thermalfoundation.material.plateEnderium": true,
  "item.plate.void": true,
  "item.plate.brass": true,
  "item_plate_0": true,
  "item_plate_1": true,
  "item_plate_2": true,
  "item_plate_3": true,
  "item_plate_4": true,
  "item_plate_5": true,
  "item.emptyFuelRod": true,
  "item.itemCable": true,
  "item.itemTinCable": true,
  "item.itemBronzeCable": true,
  "item.itemGoldCable": true,
  "item.itemTinCan": true,
  "tile.blockFenceIron": true,
  "item.itemIronCable": true,
  "item.thermalfoundation.material.plateAluminum_1": true,
  "item.thermalfoundation.material.plateNickel_1": true,
  "item.thermalfoundation.material.platePlatinum_1": true,
  "item.thermalfoundation.material.plateMithril_1": true,
  "item.thermalfoundation.material.plateElectrum_1": true,
  "item.thermalfoundation.material.plateInvar_1": true,
  "item.thermalfoundation.material.plateConstantan_1": true,
  "item.thermalfoundation.material.plateSignalum_1": true,
  "item.thermalfoundation.material.plateLumium_1": true,
  "item.thermalfoundation.material.plateEnderium_1": true,
  "item.plate.thaumium_1": true,
  "item.plate.void_1": true,
  "item.plate.brass_1": true,
  "item.bewitchment.cold_iron_plate": true,
  "item.alkimium_plate": true,
  "item.bismuth_plate": true,
  "item.bewitchment.cold_iron_plate_1": true,
  "item.alkimium_plate_1": true,
  "item.bismuth_plate_1": true
 },
 "cutting": {
  "item.thermalfoundation.material.plateAluminum": true,
  "item.thermalfoundation.material.plateNickel": true,
  "item.thermalfoundation.material.platePlatinum": true,
  "item.thermalfoundation.material.plateMithril": true,
  "item.thermalfoundation.material.plateElectrum": true,
  "item.thermalfoundation.material.plateInvar": true,
  "item.thermalfoundation.material.plateConstantan": true,
  "item.thermalfoundation.material.plateSignalum": true,
  "item.thermalfoundation.material.plateLumium": true,
  "item.thermalfoundation.material.plateEnderium": true,
  "item.plate.thaumium": true,
  "item.plate.void": true,
  "item.plate.brass": true,
  "item.bewitchment.cold_iron_plate": true,
  "item.alkimium_plate": true,
  "item.bismuth_plate": true
 }
}